source,target,weight,cost,length,capacity,failure_prob
0,20,5200.0,5200.0,5.2,1000.0,0.023
0,59,24940.0,24940.0,24.94,1000.0,0.024
0,98,34840.0,34840.0,34.84,1000.0,0.0211
0,134,25050.0,25050.0,25.05,1000.0,0.0248
0,213,5560.0,5560.0,5.56,1000.0,0.0105
0,217,34900.0,34900.0,34.9,1000.0,0.0127
0,234,29500.0,29500.0,29.5,1000.0,0.0168
0,250,27020.0,27020.0,27.02,1000.0,0.0156
0,269,37550.0,37550.0,37.55,1000.0,0.0133
0,274,35440.0,35440.0,35.44,1000.0,0.0118
1,11,13320.0,13320.0,13.32,1000.0,0.008
1,21,10440.0,10440.0,10.44,1000.0,0.008
1,25,27260.0,27260.0,27.26,1000.0,0.0241
1,34,10070.0,10070.0,10.07,1000.0,0.0104
1,39,24730.0,24730.0,24.73,1000.0,0.0231
1,42,48850.0,48850.0,48.85,1000.0,0.0181
1,72,14870.0,14870.0,14.87,1000.0,0.0075
1,74,10510.0,10510.0,10.51,1000.0,0.0107
1,79,9790.0,9790.0,9.79,1000.0,0.0054
1,84,27170.0,27170.0,27.17,1000.0,0.0119
1,109,48740.0,48740.0,48.74,1000.0,0.0188
1,117,35170.0,35170.0,35.17,1000.0,0.0082
1,131,43550.0,43550.0,43.55,1000.0,0.0173
1,156,43760.0,43760.0,43.76,1000.0,0.0194
1,192,24000.0,24000.0,24.0,1000.0,0.016
1,231,10030.0,10030.0,10.03,1000.0,0.0063
1,236,47110.0,47110.0,47.11,1000.0,0.0169
1,245,41280.0,41280.0,41.28,1000.0,0.015
1,248,4630.0,4630.0,4.63,1000.0,0.0207
1,255,3630.0,3630.0,3.63,1000.0,0.0087
1,258,28580.0,28580.0,28.58,1000.0,0.0126
2,10,49700.0,49700.0,49.7,1000.0,0.008
2,14,38460.0,38460.0,38.46,1000.0,0.0202
2,15,39750.0,39750.0,39.75,1000.0,0.0106
2,18,26610.0,26610.0,26.61,1000.0,0.0163
2,27,22690.0,22690.0,22.69,1000.0,0.0265
2,32,49510.0,49510.0,49.51,1000.0,0.0126
2,60,31430.0,31430.0,31.43,1000.0,0.0202
2,90,37260.0,37260.0,37.26,1000.0,0.0287
2,116,11180.0,11180.0,11.18,1000.0,0.0103
2,132,33360.0,33360.0,33.36,1000.0,0.0089
2,147,9520.0,9520.0,9.52,1000.0,0.0069
2,151,1130.0,1130.0,1.13,1000.0,0.0163
2,186,30100.0,30100.0,30.1,1000.0,0.0123
2,205,12340.0,12340.0,12.34,1000.0,0.0227
2,214,35450.0,35450.0,35.45,1000.0,0.0164
2,239,34680.0,34680.0,34.68,1000.0,0.0281
2,261,39600.0,39600.0,39.6,1000.0,0.0206
2,262,33400.0,33400.0,33.4,1000.0,0.0283
2,267,21830.0,21830.0,21.83,1000.0,0.0186
2,275,32730.0,32730.0,32.73,1000.0,0.0277
2,277,41500.0,41500.0,41.5,1000.0,0.0068
3,9,9130.0,9130.0,9.13,1000.0,0.0127
3,69,37700.0,37700.0,37.7,1000.0,0.0192
3,82,15140.0,15140.0,15.14,1000.0,0.0081
3,87,34750.0,34750.0,34.75,1000.0,0.0225
3,91,47190.0,47190.0,47.19,1000.0,0.0175
3,101,25200.0,25200.0,25.2,1000.0,0.007
3,143,2950.0,2950.0,2.95,1000.0,0.0158
3,155,16790.0,16790.0,16.79,1000.0,0.0113
3,166,5480.0,5480.0,5.48,1000.0,0.029
3,176,41960.0,41960.0,41.96,1000.0,0.0194
3,177,47590.0,47590.0,47.59,1000.0,0.03
3,202,33940.0,33940.0,33.94,1000.0,0.0117
3,209,2970.0,2970.0,2.97,1000.0,0.0239
3,263,24050.0,24050.0,24.05,1000.0,0.0213
3,269,45890.0,45890.0,45.89,1000.0,0.0095
3,291,29680.0,29680.0,29.68,1000.0,0.0209
3,295,25090.0,25090.0,25.09,1000.0,0.0073
4,11,18050.0,18050.0,18.05,1000.0,0.0133
4,65,33840.0,33840.0,33.84,1000.0,0.0264
4,98,17160.0,17160.0,17.16,1000.0,0.0223
4,103,15120.0,15120.0,15.12,1000.0,0.0286
4,131,40860.0,40860.0,40.86,1000.0,0.0188
4,148,23290.0,23290.0,23.29,1000.0,0.0129
4,187,16840.0,16840.0,16.84,1000.0,0.0293
4,217,20800.0,20800.0,20.8,1000.0,0.0179
4,240,49420.0,49420.0,49.42,1000.0,0.0214
4,246,27590.0,27590.0,27.59,1000.0,0.0153
4,248,10190.0,10190.0,10.19,1000.0,0.014
4,249,38070.0,38070.0,38.07,1000.0,0.0206
4,294,38240.0,38240.0,38.24,1000.0,0.0101
5,8,27910.0,27910.0,27.91,1000.0,0.0282
5,29,22470.0,22470.0,22.47,1000.0,0.0225
5,52,6950.0,6950.0,6.95,1000.0,0.0293
5,53,30830.0,30830.0,30.83,1000.0,0.011
5,67,8760.0,8760.0,8.76,1000.0,0.0188
5,78,28060.0,28060.0,28.06,1000.0,0.0073
5,88,49620.0,49620.0,49.62,1000.0,0.0278
5,94,23610.0,23610.0,23.61,1000.0,0.0079
5,123,41780.0,41780.0,41.78,1000.0,0.0175
5,138,36110.0,36110.0,36.11,1000.0,0.0177
5,139,14400.0,14400.0,14.4,1000.0,0.0259
5,179,49030.0,49030.0,49.03,1000.0,0.0111
5,191,28010.0,28010.0,28.01,1000.0,0.0146
5,193,46170.0,46170.0,46.17,1000.0,0.0177
5,196,44090.0,44090.0,44.09,1000.0,0.0266
5,203,14540.0,14540.0,14.54,1000.0,0.0248
5,208,21330.0,21330.0,21.33,1000.0,0.0284
5,215,25880.0,25880.0,25.88,1000.0,0.0255
5,227,14860.0,14860.0,14.86,1000.0,0.0125
5,253,29760.0,29760.0,29.76,1000.0,0.03
5,268,24990.0,24990.0,24.99,1000.0,0.0087
6,13,27390.0,27390.0,27.39,1000.0,0.0136
6,22,28040.0,28040.0,28.04,1000.0,0.0186
6,23,23310.0,23310.0,23.31,1000.0,0.013
6,62,10240.0,10240.0,10.24,1000.0,0.0224
6,77,29020.0,29020.0,29.02,1000.0,0.0108
6,115,39000.0,39000.0,39.0,1000.0,0.0061
6,128,37490.0,37490.0,37.49,1000.0,0.0226
6,137,40760.0,40760.0,40.76,1000.0,0.0147
6,152,33520.0,33520.0,33.52,1000.0,0.0255
6,171,49060.0,49060.0,49.06,1000.0,0.0174
6,197,2810.0,2810.0,2.81,1000.0,0.0176
6,230,29920.0,29920.0,29.92,1000.0,0.0267
6,264,43840.0,43840.0,43.84,1000.0,0.016
7,27,26770.0,26770.0,26.77,1000.0,0.0164
7,37,36400.0,36400.0,36.4,1000.0,0.0152
7,51,33080.0,33080.0,33.08,1000.0,0.0089
7,60,24010.0,24010.0,24.01,1000.0,0.0292
7,61,17590.0,17590.0,17.59,1000.0,0.0223
7,116,32840.0,32840.0,32.84,1000.0,0.0263
7,119,42760.0,42760.0,42.76,1000.0,0.0265
7,147,19620.0,19620.0,19.62,1000.0,0.0129
7,174,36220.0,36220.0,36.22,1000.0,0.024
7,181,43750.0,43750.0,43.75,1000.0,0.0059
7,199,4350.0,4350.0,4.35,1000.0,0.0208
7,223,46130.0,46130.0,46.13,1000.0,0.0299
7,228,37590.0,37590.0,37.59,1000.0,0.0158
7,244,5820.0,5820.0,5.82,1000.0,0.0208
7,275,43760.0,43760.0,43.76,1000.0,0.0161
7,285,35010.0,35010.0,35.01,1000.0,0.0276
7,288,3250.0,3250.0,3.25,1000.0,0.0249
8,28,15380.0,15380.0,15.38,1000.0,0.0144
8,45,8130.0,8130.0,8.13,1000.0,0.0183
8,52,28730.0,28730.0,28.73,1000.0,0.0248
8,58,9330.0,9330.0,9.33,1000.0,0.007
8,78,43670.0,43670.0,43.67,1000.0,0.0205
8,83,12800.0,12800.0,12.8,1000.0,0.0278
8,94,8010.0,8010.0,8.01,1000.0,0.0165
8,122,13440.0,13440.0,13.44,1000.0,0.0114
8,138,1460.0,1460.0,1.46,1000.0,0.0251
8,139,45160.0,45160.0,45.16,1000.0,0.0219
8,183,8740.0,8740.0,8.74,1000.0,0.016
8,196,17930.0,17930.0,17.93,1000.0,0.0197
8,208,32310.0,32310.0,32.31,1000.0,0.0156
8,211,13250.0,13250.0,13.25,1000.0,0.0261
8,227,10760.0,10760.0,10.76,1000.0,0.0146
8,233,24680.0,24680.0,24.68,1000.0,0.0109
8,247,29020.0,29020.0,29.02,1000.0,0.0194
8,265,49640.0,49640.0,49.64,1000.0,0.0124
8,268,48920.0,48920.0,48.92,1000.0,0.0215
8,272,14450.0,14450.0,14.45,1000.0,0.0191
9,20,34600.0,34600.0,34.6,1000.0,0.0236
9,69,3400.0,3400.0,3.4,1000.0,0.0202
9,82,25340.0,25340.0,25.34,1000.0,0.0276
9,143,15020.0,15020.0,15.02,1000.0,0.025
9,166,30750.0,30750.0,30.75,1000.0,0.0138
9,209,32190.0,32190.0,32.19,1000.0,0.0205
9,234,34210.0,34210.0,34.21,1000.0,0.023
9,269,33300.0,33300.0,33.3,1000.0,0.026
9,274,31780.0,31780.0,31.78,1000.0,0.0276
9,291,32670.0,32670.0,32.67,1000.0,0.0127
10,14,22600.0,22600.0,22.6,1000.0,0.0195
10,15,36890.0,36890.0,36.89,1000.0,0.0073
10,18,15460.0,15460.0,15.46,1000.0,0.0237
10,19,9610.0,9610.0,9.61,1000.0,0.0083
10,32,27430.0,27430.0,27.43,1000.0,0.0293
10,90,27010.0,27010.0,27.01,1000.0,0.0278
10,132,41690.0,41690.0,41.69,1000.0,0.0114
10,151,41410.0,41410.0,41.41,1000.0,0.017
10,186,40520.0,40520.0,40.52,1000.0,0.0237
10,194,17600.0,17600.0,17.6,1000.0,0.0079
10,195,48180.0,48180.0,48.18,1000.0,0.0085
10,205,48360.0,48360.0,48.36,1000.0,0.0265
10,214,36490.0,36490.0,36.49,1000.0,0.0295
10,222,48400.0,48400.0,48.4,1000.0,0.0251
10,225,18920.0,18920.0,18.92,1000.0,0.0248
10,239,1680.0,1680.0,1.68,1000.0,0.0184
10,257,23280.0,23280.0,23.28,1000.0,0.0218
10,267,33940.0,33940.0,33.94,1000.0,0.0196
10,275,41300.0,41300.0,41.3,1000.0,0.0285
10,277,6310.0,6310.0,6.31,1000.0,0.0108
10,282,2230.0,2230.0,2.23,1000.0,0.0271
11,25,28510.0,28510.0,28.51,1000.0,0.0279
11,34,11850.0,11850.0,11.85,1000.0,0.0066
11,39,41370.0,41370.0,41.37,1000.0,0.0277
11,42,15810.0,15810.0,15.81,1000.0,0.0152
11,65,7850.0,7850.0,7.85,1000.0,0.0287
11,72,15910.0,15910.0,15.91,1000.0,0.0173
11,79,5760.0,5760.0,5.76,1000.0,0.0272
11,84,7650.0,7650.0,7.65,1000.0,0.0163
11,95,33850.0,33850.0,33.85,1000.0,0.0236
11,103,47350.0,47350.0,47.35,1000.0,0.0155
11,117,37370.0,37370.0,37.37,1000.0,0.0089
11,131,21330.0,21330.0,21.33,1000.0,0.0075
11,144,24980.0,24980.0,24.98,1000.0,0.0152
11,156,47620.0,47620.0,47.62,1000.0,0.0058
11,187,19160.0,19160.0,19.16,1000.0,0.0161
11,200,47580.0,47580.0,47.58,1000.0,0.0264
11,236,5870.0,5870.0,5.87,1000.0,0.0221
11,245,27680.0,27680.0,27.68,1000.0,0.0294
11,248,18580.0,18580.0,18.58,1000.0,0.015
11,249,10300.0,10300.0,10.3,1000.0,0.0081
11,258,42550.0,42550.0,42.55,1000.0,0.0164
11,294,33480.0,33480.0,33.48,1000.0,0.021
12,36,30260.0,30260.0,30.26,1000.0,0.0055
12,38,39550.0,39550.0,39.55,1000.0,0.0111
12,55,7170.0,7170.0,7.17,1000.0,0.0191
12,93,4360.0,4360.0,4.36,1000.0,0.0241
12,118,11150.0,11150.0,11.15,1000.0,0.0104
12,135,43620.0,43620.0,43.62,1000.0,0.0132
12,155,8230.0,8230.0,8.23,1000.0,0.0275
12,173,1140.0,1140.0,1.14,1000.0,0.0265
12,178,8090.0,8090.0,8.09,1000.0,0.0082
12,260,13280.0,13280.0,13.28,1000.0,0.0094
12,263,33390.0,33390.0,33.39,1000.0,0.0056
12,273,1730.0,1730.0,1.73,1000.0,0.0247
12,292,12660.0,12660.0,12.66,1000.0,0.0131
13,22,9540.0,9540.0,9.54,1000.0,0.0063
13,44,37340.0,37340.0,37.34,1000.0,0.0182
13,77,37540.0,37540.0,37.54,1000.0,0.0169
13,84,39120.0,39120.0,39.12,1000.0,0.0178
13,115,6340.0,6340.0,6.34,1000.0,0.0176
13,117,47330.0,47330.0,47.33,1000.0,0.0061
13,128,39380.0,39380.0,39.38,1000.0,0.0267
13,137,26550.0,26550.0,26.55,1000.0,0.0165
13,152,48240.0,48240.0,48.24,1000.0,0.0065
13,171,24470.0,24470.0,24.47,1000.0,0.015
13,207,34620.0,34620.0,34.62,1000.0,0.0173
13,264,45580.0,45580.0,45.58,1000.0,0.0068
13,271,4960.0,4960.0,4.96,1000.0,0.0202
14,15,4220.0,4220.0,4.22,1000.0,0.0119
14,18,32020.0,32020.0,32.02,1000.0,0.0187
14,19,16930.0,16930.0,16.93,1000.0,0.0299
14,30,27000.0,27000.0,27.0,1000.0,0.0163
14,60,30670.0,30670.0,30.67,1000.0,0.0075
14,61,35390.0,35390.0,35.39,1000.0,0.0263
14,85,32890.0,32890.0,32.89,1000.0,0.0242
14,90,36320.0,36320.0,36.32,1000.0,0.0104
14,110,23130.0,23130.0,23.13,1000.0,0.0107
14,132,17610.0,17610.0,17.61,1000.0,0.0163
14,147,21380.0,21380.0,21.38,1000.0,0.0074
14,150,21910.0,21910.0,21.91,1000.0,0.0216
14,151,19340.0,19340.0,19.34,1000.0,0.0088
14,175,46230.0,46230.0,46.23,1000.0,0.0067
14,186,41760.0,41760.0,41.76,1000.0,0.0073
14,194,5730.0,5730.0,5.73,1000.0,0.0235
14,195,40780.0,40780.0,40.78,1000.0,0.0189
14,222,29740.0,29740.0,29.74,1000.0,0.019
14,224,17150.0,17150.0,17.15,1000.0,0.0081
14,225,18330.0,18330.0,18.33,1000.0,0.0216
14,228,37760.0,37760.0,37.76,1000.0,0.0267
14,277,36330.0,36330.0,36.33,1000.0,0.0292
15,18,30420.0,30420.0,30.42,1000.0,0.0138
15,32,29320.0,29320.0,29.32,1000.0,0.0103
15,64,33180.0,33180.0,33.18,1000.0,0.0106
15,90,6300.0,6300.0,6.3,1000.0,0.0261
15,132,19010.0,19010.0,19.01,1000.0,0.0241
15,151,29130.0,29130.0,29.13,1000.0,0.0252
15,154,42410.0,42410.0,42.41,1000.0,0.0294
15,164,41100.0,41100.0,41.1,1000.0,0.0203
15,167,32490.0,32490.0,32.49,1000.0,0.0057
15,186,46530.0,46530.0,46.53,1000.0,0.0257
15,194,14100.0,14100.0,14.1,1000.0,0.0095
15,195,35430.0,35430.0,35.43,1000.0,0.0127
15,205,17650.0,17650.0,17.65,1000.0,0.0052
15,214,43620.0,43620.0,43.62,1000.0,0.0192
15,222,20640.0,20640.0,20.64,1000.0,0.0085
15,225,32030.0,32030.0,32.03,1000.0,0.0058
15,239,37560.0,37560.0,37.56,1000.0,0.0104
15,257,21570.0,21570.0,21.57,1000.0,0.0135
15,267,19130.0,19130.0,19.13,1000.0,0.023
15,277,39060.0,39060.0,39.06,1000.0,0.0192
15,282,5160.0,5160.0,5.16,1000.0,0.0063
16,41,8710.0,8710.0,8.71,1000.0,0.0204
16,54,34020.0,34020.0,34.02,1000.0,0.0118
16,97,33430.0,33430.0,33.43,1000.0,0.0171
16,113,22660.0,22660.0,22.66,1000.0,0.0118
16,121,37990.0,37990.0,37.99,1000.0,0.0078
16,133,22070.0,22070.0,22.07,1000.0,0.0121
16,136,34250.0,34250.0,34.25,1000.0,0.0172
16,142,33690.0,33690.0,33.69,1000.0,0.0061
16,201,20370.0,20370.0,20.37,1000.0,0.02
16,220,1380.0,1380.0,1.38,1000.0,0.0125
16,221,11350.0,11350.0,11.35,1000.0,0.0084
16,237,13520.0,13520.0,13.52,1000.0,0.0132
17,52,1380.0,1380.0,1.38,1000.0,0.0237
17,58,9610.0,9610.0,9.61,1000.0,0.0145
17,70,35480.0,35480.0,35.48,1000.0,0.0175
17,76,41830.0,41830.0,41.83,1000.0,0.0252
17,78,4530.0,4530.0,4.53,1000.0,0.0265
17,89,3070.0,3070.0,3.07,1000.0,0.0055
17,106,46140.0,46140.0,46.14,1000.0,0.0266
17,120,29210.0,29210.0,29.21,1000.0,0.0193
17,139,35770.0,35770.0,35.77,1000.0,0.0154
17,158,6640.0,6640.0,6.64,1000.0,0.0055
17,182,16910.0,16910.0,16.91,1000.0,0.025
17,196,31290.0,31290.0,31.29,1000.0,0.0258
17,198,46070.0,46070.0,46.07,1000.0,0.0072
17,210,42380.0,42380.0,42.38,1000.0,0.0111
17,235,29850.0,29850.0,29.85,1000.0,0.0181
17,247,20390.0,20390.0,20.39,1000.0,0.0128
17,251,17640.0,17640.0,17.64,1000.0,0.0133
17,272,9240.0,9240.0,9.24,1000.0,0.0178
17,293,6590.0,6590.0,6.59,1000.0,0.0177
18,19,45390.0,45390.0,45.39,1000.0,0.0137
18,60,36640.0,36640.0,36.64,1000.0,0.0255
18,61,40940.0,40940.0,40.94,1000.0,0.0109
18,85,8180.0,8180.0,8.18,1000.0,0.0099
18,90,30520.0,30520.0,30.52,1000.0,0.024
18,110,33120.0,33120.0,33.12,1000.0,0.0094
18,132,38870.0,38870.0,38.87,1000.0,0.0174
18,147,37970.0,37970.0,37.97,1000.0,0.024
18,150,23000.0,23000.0,23.0,1000.0,0.0281
18,151,28660.0,28660.0,28.66,1000.0,0.0209
18,186,31600.0,31600.0,31.6,1000.0,0.0266
18,194,31730.0,31730.0,31.73,1000.0,0.0088
18,195,4350.0,4350.0,4.35,1000.0,0.0161
18,205,15840.0,15840.0,15.84,1000.0,0.0119
18,222,3750.0,3750.0,3.75,1000.0,0.0177
18,224,16210.0,16210.0,16.21,1000.0,0.0163
18,225,3790.0,3790.0,3.79,1000.0,0.0258
18,228,4760.0,4760.0,4.76,1000.0,0.0266
18,239,42910.0,42910.0,42.91,1000.0,0.0204
18,275,25850.0,25850.0,25.85,1000.0,0.0166
18,277,28160.0,28160.0,28.16,1000.0,0.0248
19,30,44900.0,44900.0,44.9,1000.0,0.0162
19,38,40680.0,40680.0,40.68,1000.0,0.0213
19,48,16750.0,16750.0,16.75,1000.0,0.0169
19,60,8390.0,8390.0,8.39,1000.0,0.0065
19,61,6070.0,6070.0,6.07,1000.0,0.0275
19,85,17830.0,17830.0,17.83,1000.0,0.0229
19,110,25720.0,25720.0,25.72,1000.0,0.0093
19,132,13140.0,13140.0,13.14,1000.0,0.0159
19,147,22530.0,22530.0,22.53,1000.0,0.0181
19,150,8780.0,8780.0,8.78,1000.0,0.0143
19,151,14860.0,14860.0,14.86,1000.0,0.0152
19,175,17580.0,17580.0,17.58,1000.0,0.0199
19,194,39670.0,39670.0,39.67,1000.0,0.0212
19,195,4230.0,4230.0,4.23,1000.0,0.0074
19,222,34240.0,34240.0,34.24,1000.0,0.0121
19,224,36460.0,36460.0,36.46,1000.0,0.0214
19,228,45410.0,45410.0,45.41,1000.0,0.0268
19,277,17330.0,17330.0,17.33,1000.0,0.0196
20,59,7930.0,7930.0,7.93,1000.0,0.0137
20,69,48420.0,48420.0,48.42,1000.0,0.0225
20,134,20210.0,20210.0,20.21,1000.0,0.0199
20,143,46960.0,46960.0,46.96,1000.0,0.0127
20,166,19460.0,19460.0,19.46,1000.0,0.0248
20,209,40850.0,40850.0,40.85,1000.0,0.0218
20,213,41620.0,41620.0,41.62,1000.0,0.0235
20,234,34590.0,34590.0,34.59,1000.0,0.0182
20,250,32660.0,32660.0,32.66,1000.0,0.0156
20,269,18730.0,18730.0,18.73,1000.0,0.0141
20,274,9830.0,9830.0,9.83,1000.0,0.0104
20,291,47440.0,47440.0,47.44,1000.0,0.0172
21,23,12100.0,12100.0,12.1,1000.0,0.0084
21,29,4780.0,4780.0,4.78,1000.0,0.0261
21,34,5960.0,5960.0,5.96,1000.0,0.0243
21,39,41920.0,41920.0,41.92,1000.0,0.0271
21,74,2850.0,2850.0,2.85,1000.0,0.0134
21,77,38550.0,38550.0,38.55,1000.0,0.0083
21,79,19460.0,19460.0,19.46,1000.0,0.0091
21,109,41740.0,41740.0,41.74,1000.0,0.0243
21,123,40640.0,40640.0,40.64,1000.0,0.0091
21,191,22450.0,22450.0,22.45,1000.0,0.0153
21,231,34140.0,34140.0,34.14,1000.0,0.0109
21,245,22770.0,22770.0,22.77,1000.0,0.0121
21,255,37680.0,37680.0,37.68,1000.0,0.0162
22,23,27170.0,27170.0,27.17,1000.0,0.0127
22,47,40620.0,40620.0,40.62,1000.0,0.0167
22,62,41920.0,41920.0,41.92,1000.0,0.0142
22,74,47410.0,47410.0,47.41,1000.0,0.0296
22,77,23620.0,23620.0,23.62,1000.0,0.012
22,109,19710.0,19710.0,19.71,1000.0,0.0182
22,115,48350.0,48350.0,48.35,1000.0,0.0254
22,128,40260.0,40260.0,40.26,1000.0,0.0085
22,137,13250.0,13250.0,13.25,1000.0,0.021
22,152,43830.0,43830.0,43.83,1000.0,0.0189
22,171,6030.0,6030.0,6.03,1000.0,0.0261
22,197,42710.0,42710.0,42.71,1000.0,0.0121
22,230,38390.0,38390.0,38.39,1000.0,0.0118
22,245,45360.0,45360.0,45.36,1000.0,0.0087
22,254,22440.0,22440.0,22.44,1000.0,0.0287
22,264,11880.0,11880.0,11.88,1000.0,0.0163
23,29,18130.0,18130.0,18.13,1000.0,0.0057
23,47,3610.0,3610.0,3.61,1000.0,0.0176
23,62,12550.0,12550.0,12.55,1000.0,0.0299
23,74,19370.0,19370.0,19.37,1000.0,0.0057
23,77,46610.0,46610.0,46.61,1000.0,0.026
23,79,32850.0,32850.0,32.85,1000.0,0.0248
23,109,7740.0,7740.0,7.74,1000.0,0.0122
23,115,41660.0,41660.0,41.66,1000.0,0.0224
23,128,7800.0,7800.0,7.8,1000.0,0.0226
23,171,22980.0,22980.0,22.98,1000.0,0.0051
23,193,4880.0,4880.0,4.88,1000.0,0.0114
23,197,41910.0,41910.0,41.91,1000.0,0.0187
23,215,36630.0,36630.0,36.63,1000.0,0.0182
23,230,6450.0,6450.0,6.45,1000.0,0.0122
23,245,15760.0,15760.0,15.76,1000.0,0.0062
23,254,21570.0,21570.0,21.57,1000.0,0.0248
23,255,23400.0,23400.0,23.4,1000.0,0.0078
23,264,45350.0,45350.0,45.35,1000.0,0.0199
24,37,1810.0,1810.0,1.81,1000.0,0.0179
24,40,12850.0,12850.0,12.85,1000.0,0.0086
24,124,22030.0,22030.0,22.03,1000.0,0.0204
24,141,12790.0,12790.0,12.79,1000.0,0.0154
24,146,33550.0,33550.0,33.55,1000.0,0.0071
24,174,48760.0,48760.0,48.76,1000.0,0.0067
24,180,26780.0,26780.0,26.78,1000.0,0.0177
24,181,49430.0,49430.0,49.43,1000.0,0.0189
24,188,20130.0,20130.0,20.13,1000.0,0.0168
24,190,32150.0,32150.0,32.15,1000.0,0.0295
24,199,13430.0,13430.0,13.43,1000.0,0.0054
24,204,39640.0,39640.0,39.64,1000.0,0.0136
24,206,36910.0,36910.0,36.91,1000.0,0.0207
24,229,38800.0,38800.0,38.8,1000.0,0.0234
24,256,17290.0,17290.0,17.29,1000.0,0.0061
24,279,27750.0,27750.0,27.75,1000.0,0.0253
24,281,9580.0,9580.0,9.58,1000.0,0.0245
24,285,23770.0,23770.0,23.77,1000.0,0.0224
24,298,31960.0,31960.0,31.96,1000.0,0.0253
25,34,4090.0,4090.0,4.09,1000.0,0.0244
25,39,23430.0,23430.0,23.43,1000.0,0.0123
25,42,3150.0,3150.0,3.15,1000.0,0.01
25,56,3050.0,3050.0,3.05,1000.0,0.0283
25,72,26250.0,26250.0,26.25,1000.0,0.0297
25,79,27610.0,27610.0,27.61,1000.0,0.0113
25,92,37910.0,37910.0,37.91,1000.0,0.0098
25,95,18490.0,18490.0,18.49,1000.0,0.0245
25,102,43420.0,43420.0,43.42,1000.0,0.0133
25,131,7100.0,7100.0,7.1,1000.0,0.0142
25,144,44580.0,44580.0,44.58,1000.0,0.0236
25,169,44840.0,44840.0,44.84,1000.0,0.0147
25,187,48710.0,48710.0,48.71,1000.0,0.0174
25,192,25380.0,25380.0,25.38,1000.0,0.0281
25,200,26440.0,26440.0,26.44,1000.0,0.025
25,212,36630.0,36630.0,36.63,1000.0,0.007
25,226,30520.0,30520.0,30.52,1000.0,0.0256
25,231,27730.0,27730.0,27.73,1000.0,0.013
25,236,4920.0,4920.0,4.92,1000.0,0.0215
25,245,16020.0,16020.0,16.02,1000.0,0.0201
25,248,21880.0,21880.0,21.88,1000.0,0.0222
25,249,18230.0,18230.0,18.23,1000.0,0.0061
26,35,43630.0,43630.0,43.63,1000.0,0.0138
26,71,49910.0,49910.0,49.91,1000.0,0.0119
26,81,49020.0,49020.0,49.02,1000.0,0.0287
26,96,4680.0,4680.0,4.68,1000.0,0.0209
26,104,18800.0,18800.0,18.8,1000.0,0.025
26,114,34290.0,34290.0,34.29,1000.0,0.0288
26,129,8000.0,8000.0,8.0,1000.0,0.0202
26,153,39280.0,39280.0,39.28,1000.0,0.0059
26,159,4290.0,4290.0,4.29,1000.0,0.0245
26,163,18950.0,18950.0,18.95,1000.0,0.0146
26,168,28790.0,28790.0,28.79,1000.0,0.0201
26,172,34270.0,34270.0,34.27,1000.0,0.0287
26,189,19230.0,19230.0,19.23,1000.0,0.0241
26,216,29120.0,29120.0,29.12,1000.0,0.0182
26,218,20500.0,20500.0,20.5,1000.0,0.0212
26,287,13230.0,13230.0,13.23,1000.0,0.0078
26,290,37050.0,37050.0,37.05,1000.0,0.0175
26,296,19960.0,19960.0,19.96,1000.0,0.019
26,297,13830.0,13830.0,13.83,1000.0,0.0115
27,31,22870.0,22870.0,22.87,1000.0,0.0299
27,51,14990.0,14990.0,14.99,1000.0,0.0279
27,60,25070.0,25070.0,25.07,1000.0,0.0081
27,90,42790.0,42790.0,42.79,1000.0,0.0163
27,108,45040.0,45040.0,45.04,1000.0,0.0161
27,116,5300.0,5300.0,5.3,1000.0,0.022
27,119,42430.0,42430.0,42.43,1000.0,0.013
27,147,18020.0,18020.0,18.02,1000.0,0.0066
27,181,27570.0,27570.0,27.57,1000.0,0.0273
27,186,42720.0,42720.0,42.72,1000.0,0.0228
27,199,46440.0,46440.0,46.44,1000.0,0.0209
27,223,39890.0,39890.0,39.89,1000.0,0.0177
27,228,6950.0,6950.0,6.95,1000.0,0.01
27,238,7800.0,7800.0,7.8,1000.0,0.0248
27,244,2290.0,2290.0,2.29,1000.0,0.0189
27,262,19080.0,19080.0,19.08,1000.0,0.0251
27,275,28030.0,28030.0,28.03,1000.0,0.0203
28,45,5220.0,5220.0,5.22,1000.0,0.0127
28,52,49980.0,49980.0,49.98,1000.0,0.023
28,68,26760.0,26760.0,26.76,1000.0,0.0242
28,80,41340.0,41340.0,41.34,1000.0,0.0068
28,83,48650.0,48650.0,48.65,1000.0,0.0211
28,105,23050.0,23050.0,23.05,1000.0,0.022
28,122,17880.0,17880.0,17.88,1000.0,0.0269
28,125,39230.0,39230.0,39.23,1000.0,0.021
28,162,9920.0,9920.0,9.92,1000.0,0.0292
28,168,22200.0,22200.0,22.2,1000.0,0.0278
28,183,3720.0,3720.0,3.72,1000.0,0.0081
28,211,8500.0,8500.0,8.5,1000.0,0.0091
28,218,16810.0,16810.0,16.81,1000.0,0.0227
28,227,17960.0,17960.0,17.96,1000.0,0.0285
28,233,44850.0,44850.0,44.85,1000.0,0.0261
28,265,13280.0,13280.0,13.28,1000.0,0.0209
28,268,27990.0,27990.0,27.99,1000.0,0.0081
28,276,15840.0,15840.0,15.84,1000.0,0.0183
28,287,25630.0,25630.0,25.63,1000.0,0.0092
28,296,47140.0,47140.0,47.14,1000.0,0.0089
29,47,33280.0,33280.0,33.28,1000.0,0.023
29,53,30650.0,30650.0,30.65,1000.0,0.0261
29,67,28620.0,28620.0,28.62,1000.0,0.0256
29,74,2390.0,2390.0,2.39,1000.0,0.0061
29,88,32430.0,32430.0,32.43,1000.0,0.0194
29,94,32910.0,32910.0,32.91,1000.0,0.0242
29,109,21410.0,21410.0,21.41,1000.0,0.021
29,123,25400.0,25400.0,25.4,1000.0,0.0207
29,126,15190.0,15190.0,15.19,1000.0,0.0289
29,179,24660.0,24660.0,24.66,1000.0,0.0251
29,191,34560.0,34560.0,34.56,1000.0,0.0124
29,193,4580.0,4580.0,4.58,1000.0,0.0065
29,208,22540.0,22540.0,22.54,1000.0,0.0171
29,215,11000.0,11000.0,11.0,1000.0,0.0202
29,230,16320.0,16320.0,16.32,1000.0,0.023
29,231,36980.0,36980.0,36.98,1000.0,0.0265
29,253,48790.0,48790.0,48.79,1000.0,0.0083
29,254,19160.0,19160.0,19.16,1000.0,0.019
29,255,16640.0,16640.0,16.64,1000.0,0.0167
30,43,14110.0,14110.0,14.11,1000.0,0.0112
30,48,5740.0,5740.0,5.74,1000.0,0.0123
30,75,19820.0,19820.0,19.82,1000.0,0.0204
30,85,13170.0,13170.0,13.17,1000.0,0.0266
30,110,8830.0,8830.0,8.83,1000.0,0.0132
30,150,29310.0,29310.0,29.31,1000.0,0.0128
30,175,38390.0,38390.0,38.39,1000.0,0.0175
30,194,26220.0,26220.0,26.22,1000.0,0.0175
30,195,16120.0,16120.0,16.12,1000.0,0.0056
30,222,47320.0,47320.0,47.32,1000.0,0.0176
30,225,48370.0,48370.0,48.37,1000.0,0.0104
30,277,18290.0,18290.0,18.29,1000.0,0.0063
31,73,25250.0,25250.0,25.25,1000.0,0.0271
31,86,33060.0,33060.0,33.06,1000.0,0.0168
31,108,27300.0,27300.0,27.3,1000.0,0.0262
31,111,22120.0,22120.0,22.12,1000.0,0.0271
31,116,36650.0,36650.0,36.65,1000.0,0.0241
31,119,18930.0,18930.0,18.93,1000.0,0.015
31,185,28940.0,28940.0,28.94,1000.0,0.0099
31,238,28110.0,28110.0,28.11,1000.0,0.0068
31,244,25710.0,25710.0,25.71,1000.0,0.0241
31,261,14710.0,14710.0,14.71,1000.0,0.0297
31,262,34340.0,34340.0,34.34,1000.0,0.008
31,275,48780.0,48780.0,48.78,1000.0,0.0148
31,289,39950.0,39950.0,39.95,1000.0,0.0135
31,293,47010.0,47010.0,47.01,1000.0,0.0239
32,57,10750.0,10750.0,10.75,1000.0,0.0177
32,64,25500.0,25500.0,25.5,1000.0,0.0061
32,130,7710.0,7710.0,7.71,1000.0,0.0133
32,132,24210.0,24210.0,24.21,1000.0,0.0164
32,154,30710.0,30710.0,30.71,1000.0,0.0179
32,157,17070.0,17070.0,17.07,1000.0,0.0203
32,161,8960.0,8960.0,8.96,1000.0,0.0298
32,164,37230.0,37230.0,37.23,1000.0,0.0125
32,167,17480.0,17480.0,17.48,1000.0,0.0257
32,186,27080.0,27080.0,27.08,1000.0,0.0227
32,194,15690.0,15690.0,15.69,1000.0,0.0254
32,205,19050.0,19050.0,19.05,1000.0,0.0218
32,214,49020.0,49020.0,49.02,1000.0,0.0196
32,225,40040.0,40040.0,40.04,1000.0,0.0231
32,239,34710.0,34710.0,34.71,1000.0,0.0057
32,257,24250.0,24250.0,24.25,1000.0,0.0292
32,267,39360.0,39360.0,39.36,1000.0,0.0244
32,282,29300.0,29300.0,29.3,1000.0,0.023
33,44,29590.0,29590.0,29.59,1000.0,0.0093
33,65,31820.0,31820.0,31.82,1000.0,0.0205
33,84,42220.0,42220.0,42.22,1000.0,0.0087
33,117,34360.0,34360.0,34.36,1000.0,0.0058
33,137,47460.0,47460.0,47.46,1000.0,0.0077
33,152,1930.0,1930.0,1.93,1000.0,0.0128
33,156,8420.0,8420.0,8.42,1000.0,0.0223
33,187,21110.0,21110.0,21.11,1000.0,0.0244
33,207,46110.0,46110.0,46.11,1000.0,0.0268
33,258,37060.0,37060.0,37.06,1000.0,0.0066
33,271,7770.0,7770.0,7.77,1000.0,0.0102
33,294,16930.0,16930.0,16.93,1000.0,0.0216
34,39,26750.0,26750.0,26.75,1000.0,0.0128
34,42,9490.0,9490.0,9.49,1000.0,0.0278
34,72,17770.0,17770.0,17.77,1000.0,0.0139
34,74,38830.0,38830.0,38.83,1000.0,0.023
34,79,32520.0,32520.0,32.52,1000.0,0.0223
34,92,30890.0,30890.0,30.89,1000.0,0.0098
34,95,13080.0,13080.0,13.08,1000.0,0.019
34,123,12020.0,12020.0,12.02,1000.0,0.0293
34,131,15580.0,15580.0,15.58,1000.0,0.0122
34,144,11160.0,11160.0,11.16,1000.0,0.0226
34,169,16530.0,16530.0,16.53,1000.0,0.0137
34,191,46750.0,46750.0,46.75,1000.0,0.0249
34,192,14400.0,14400.0,14.4,1000.0,0.008
34,200,34150.0,34150.0,34.15,1000.0,0.0145
34,231,49030.0,49030.0,49.03,1000.0,0.0255
34,236,47780.0,47780.0,47.78,1000.0,0.0251
34,245,15230.0,15230.0,15.23,1000.0,0.0122
34,248,35990.0,35990.0,35.99,1000.0,0.0137
34,255,22680.0,22680.0,22.68,1000.0,0.0114
35,71,24470.0,24470.0,24.47,1000.0,0.0101
35,81,27390.0,27390.0,27.39,1000.0,0.0283
35,96,35110.0,35110.0,35.11,1000.0,0.0084
35,114,31170.0,31170.0,31.17,1000.0,0.0197
35,129,12880.0,12880.0,12.88,1000.0,0.0217
35,149,27020.0,27020.0,27.02,1000.0,0.0209
35,153,3570.0,3570.0,3.57,1000.0,0.0153
35,159,36150.0,36150.0,36.15,1000.0,0.0075
35,163,38770.0,38770.0,38.77,1000.0,0.0051
35,168,27970.0,27970.0,27.97,1000.0,0.0282
35,172,20940.0,20940.0,20.94,1000.0,0.0284
35,189,44040.0,44040.0,44.04,1000.0,0.0169
35,216,10770.0,10770.0,10.77,1000.0,0.0291
35,218,16740.0,16740.0,16.74,1000.0,0.0211
35,278,45490.0,45490.0,45.49,1000.0,0.0072
35,283,29130.0,29130.0,29.13,1000.0,0.0184
35,287,36430.0,36430.0,36.43,1000.0,0.0284
35,290,45750.0,45750.0,45.75,1000.0,0.0094
35,296,44230.0,44230.0,44.23,1000.0,0.0094
35,297,46060.0,46060.0,46.06,1000.0,0.0299
36,38,20450.0,20450.0,20.45,1000.0,0.0174
36,46,46890.0,46890.0,46.89,1000.0,0.0291
36,55,46380.0,46380.0,46.38,1000.0,0.0269
36,87,1450.0,1450.0,1.45,1000.0,0.0192
36,93,6260.0,6260.0,6.26,1000.0,0.0296
36,118,14940.0,14940.0,14.94,1000.0,0.0297
36,135,27620.0,27620.0,27.62,1000.0,0.0173
36,155,46990.0,46990.0,46.99,1000.0,0.0263
36,165,23930.0,23930.0,23.93,1000.0,0.0098
36,170,6520.0,6520.0,6.52,1000.0,0.0091
36,173,23490.0,23490.0,23.49,1000.0,0.0114
36,178,10120.0,10120.0,10.12,1000.0,0.0234
36,180,39750.0,39750.0,39.75,1000.0,0.0192
36,256,38110.0,38110.0,38.11,1000.0,0.0094
36,260,42950.0,42950.0,42.95,1000.0,0.0274
36,263,41520.0,41520.0,41.52,1000.0,0.0179
36,273,5250.0,5250.0,5.25,1000.0,0.0217
36,279,10050.0,10050.0,10.05,1000.0,0.0085
36,292,16860.0,16860.0,16.86,1000.0,0.0112
36,295,13780.0,13780.0,13.78,1000.0,0.0109
37,46,37930.0,37930.0,37.93,1000.0,0.0289
37,51,15800.0,15800.0,15.8,1000.0,0.0231
37,124,1560.0,1560.0,1.56,1000.0,0.0213
37,141,34950.0,34950.0,34.95,1000.0,0.0066
37,146,6790.0,6790.0,6.79,1000.0,0.0127
37,174,20870.0,20870.0,20.87,1000.0,0.0176
37,180,44860.0,44860.0,44.86,1000.0,0.0226
37,181,16240.0,16240.0,16.24,1000.0,0.0079
37,188,45890.0,45890.0,45.89,1000.0,0.0124
37,190,31120.0,31120.0,31.12,1000.0,0.0105
37,199,7540.0,7540.0,7.54,1000.0,0.0088
37,204,37640.0,37640.0,37.64,1000.0,0.0201
37,223,21380.0,21380.0,21.38,1000.0,0.0187
37,229,24070.0,24070.0,24.07,1000.0,0.0184
37,256,33540.0,33540.0,33.54,1000.0,0.0105
37,279,13130.0,13130.0,13.13,1000.0,0.0239
37,285,43780.0,43780.0,43.78,1000.0,0.007
37,288,22890.0,22890.0,22.89,1000.0,0.0226
37,298,4830.0,4830.0,4.83,1000.0,0.0191
38,43,4030.0,4030.0,4.03,1000.0,0.0187
38,46,25770.0,25770.0,25.77,1000.0,0.0193
38,48,8340.0,8340.0,8.34,1000.0,0.0132
38,85,26500.0,26500.0,26.5,1000.0,0.0079
38,110,11060.0,11060.0,11.06,1000.0,0.0196
38,150,5460.0,5460.0,5.46,1000.0,0.0178
38,151,40630.0,40630.0,40.63,1000.0,0.0163
38,175,26150.0,26150.0,26.15,1000.0,0.0164
38,224,3830.0,3830.0,3.83,1000.0,0.0166
38,260,40540.0,40540.0,40.54,1000.0,0.0231
38,273,20400.0,20400.0,20.4,1000.0,0.0254
39,42,37540.0,37540.0,37.54,1000.0,0.0195
39,74,3220.0,3220.0,3.22,1000.0,0.0136
39,77,4120.0,4120.0,4.12,1000.0,0.0299
39,79,46790.0,46790.0,46.79,1000.0,0.0067
39,84,46760.0,46760.0,46.76,1000.0,0.0058
39,109,21030.0,21030.0,21.03,1000.0,0.0242
39,117,38530.0,38530.0,38.53,1000.0,0.0295
39,131,32650.0,32650.0,32.65,1000.0,0.0155
39,156,49650.0,49650.0,49.65,1000.0,0.0146
39,192,43610.0,43610.0,43.61,1000.0,0.0277
39,231,19410.0,19410.0,19.41,1000.0,0.0221
39,245,33430.0,33430.0,33.43,1000.0,0.0185
39,255,33020.0,33020.0,33.02,1000.0,0.0137
40,56,9750.0,9750.0,9.75,1000.0,0.0184
40,59,26910.0,26910.0,26.91,1000.0,0.0232
40,72,11910.0,11910.0,11.91,1000.0,0.0051
40,95,2110.0,2110.0,2.11,1000.0,0.0125
40,102,34000.0,34000.0,34.0,1000.0,0.0186
40,124,27060.0,27060.0,27.06,1000.0,0.0256
40,141,13130.0,13130.0,13.13,1000.0,0.0137
40,144,14510.0,14510.0,14.51,1000.0,0.0284
40,146,36530.0,36530.0,36.53,1000.0,0.0078
40,169,40660.0,40660.0,40.66,1000.0,0.0155
40,188,38540.0,38540.0,38.54,1000.0,0.0271
40,200,1770.0,1770.0,1.77,1000.0,0.0102
40,204,5940.0,5940.0,5.94,1000.0,0.0058
40,206,30290.0,30290.0,30.29,1000.0,0.0226
40,212,3390.0,3390.0,3.39,1000.0,0.0235
40,226,20710.0,20710.0,20.71,1000.0,0.0109
40,229,11650.0,11650.0,11.65,1000.0,0.0266
40,232,3770.0,3770.0,3.77,1000.0,0.0176
40,266,15170.0,15170.0,15.17,1000.0,0.0254
40,281,36840.0,36840.0,36.84,1000.0,0.013
40,298,30300.0,30300.0,30.3,1000.0,0.0218
41,54,16710.0,16710.0,16.71,1000.0,0.0125
41,97,8020.0,8020.0,8.02,1000.0,0.0215
41,113,11830.0,11830.0,11.83,1000.0,0.0125
41,121,3990.0,3990.0,3.99,1000.0,0.0287
41,133,44110.0,44110.0,44.11,1000.0,0.0278
41,136,31670.0,31670.0,31.67,1000.0,0.0157
41,142,25290.0,25290.0,25.29,1000.0,0.0293
41,201,47140.0,47140.0,47.14,1000.0,0.0218
41,220,39500.0,39500.0,39.5,1000.0,0.013
41,221,21400.0,21400.0,21.4,1000.0,0.0087
41,261,19450.0,19450.0,19.45,1000.0,0.0239
41,284,24200.0,24200.0,24.2,1000.0,0.0262
42,56,15740.0,15740.0,15.74,1000.0,0.0227
42,72,40480.0,40480.0,40.48,1000.0,0.0279
42,92,28560.0,28560.0,28.56,1000.0,0.0292
42,95,28310.0,28310.0,28.31,1000.0,0.0084
42,102,12900.0,12900.0,12.9,1000.0,0.0101
42,131,32690.0,32690.0,32.69,1000.0,0.0281
42,144,42510.0,42510.0,42.51,1000.0,0.0073
42,169,36500.0,36500.0,36.5,1000.0,0.0098
42,192,14150.0,14150.0,14.15,1000.0,0.0218
42,200,30540.0,30540.0,30.54,1000.0,0.0268
42,212,10220.0,10220.0,10.22,1000.0,0.024
42,226,36490.0,36490.0,36.49,1000.0,0.019
42,236,24490.0,24490.0,24.49,1000.0,0.0267
42,248,17320.0,17320.0,17.32,1000.0,0.0289
42,249,1750.0,1750.0,1.75,1000.0,0.0284
43,48,48140.0,48140.0,48.14,1000.0,0.0079
43,75,49980.0,49980.0,49.98,1000.0,0.017
43,85,12890.0,12890.0,12.89,1000.0,0.0201
43,110,11020.0,11020.0,11.02,1000.0,0.0279
43,150,28050.0,28050.0,28.05,1000.0,0.0244
43,175,19650.0,19650.0,19.65,1000.0,0.0183
43,195,18600.0,18600.0,18.6,1000.0,0.0115
43,222,26130.0,26130.0,26.13,1000.0,0.0174
43,273,5830.0,5830.0,5.83,1000.0,0.0295
44,84,24010.0,24010.0,24.01,1000.0,0.026
44,115,45800.0,45800.0,45.8,1000.0,0.0143
44,137,21280.0,21280.0,21.28,1000.0,0.0191
44,152,11840.0,11840.0,11.84,1000.0,0.0086
44,207,13780.0,13780.0,13.78,1000.0,0.0284
44,264,29380.0,29380.0,29.38,1000.0,0.0154
44,271,8470.0,8470.0,8.47,1000.0,0.0132
45,50,19610.0,19610.0,19.61,1000.0,0.0258
45,67,25470.0,25470.0,25.47,1000.0,0.0214
45,68,34560.0,34560.0,34.56,1000.0,0.0114
45,80,41260.0,41260.0,41.26,1000.0,0.0292
45,83,32440.0,32440.0,32.44,1000.0,0.0173
45,112,9240.0,9240.0,9.24,1000.0,0.0249
45,122,9290.0,9290.0,9.29,1000.0,0.023
45,138,24930.0,24930.0,24.93,1000.0,0.0279
45,162,27560.0,27560.0,27.56,1000.0,0.021
45,203,3880.0,3880.0,3.88,1000.0,0.0058
45,211,42490.0,42490.0,42.49,1000.0,0.0286
45,227,33740.0,33740.0,33.74,1000.0,0.0241
45,233,21210.0,21210.0,21.21,1000.0,0.0261
45,252,12340.0,12340.0,12.34,1000.0,0.0227
45,259,1450.0,1450.0,1.45,1000.0,0.0176
45,265,19290.0,19290.0,19.29,1000.0,0.0204
45,268,33670.0,33670.0,33.67,1000.0,0.0204
45,276,24680.0,24680.0,24.68,1000.0,0.0172
46,60,1320.0,1320.0,1.32,1000.0,0.0188
46,61,1580.0,1580.0,1.58,1000.0,0.0182
46,135,14460.0,14460.0,14.46,1000.0,0.0294
46,147,1840.0,1840.0,1.84,1000.0,0.0253
46,180,34030.0,34030.0,34.03,1000.0,0.0252
46,190,45580.0,45580.0,45.58,1000.0,0.0077
46,199,5720.0,5720.0,5.72,1000.0,0.0087
46,223,10400.0,10400.0,10.4,1000.0,0.0182
46,224,40950.0,40950.0,40.95,1000.0,0.0117
46,228,20450.0,20450.0,20.45,1000.0,0.0143
46,256,20900.0,20900.0,20.9,1000.0,0.0191
46,279,49520.0,49520.0,49.52,1000.0,0.0106
46,285,34520.0,34520.0,34.52,1000.0,0.0262
47,53,33030.0,33030.0,33.03,1000.0,0.0265
47,62,38220.0,38220.0,38.22,1000.0,0.0073
47,67,19580.0,19580.0,19.58,1000.0,0.0188
47,88,3750.0,3750.0,3.75,1000.0,0.0052
47,94,9400.0,9400.0,9.4,1000.0,0.0175
47,109,22260.0,22260.0,22.26,1000.0,0.0246
47,126,28730.0,28730.0,28.73,1000.0,0.0264
47,179,5670.0,5670.0,5.67,1000.0,0.0182
47,193,3090.0,3090.0,3.09,1000.0,0.0103
47,197,43540.0,43540.0,43.54,1000.0,0.0272
47,203,24300.0,24300.0,24.3,1000.0,0.0062
47,215,4640.0,4640.0,4.64,1000.0,0.0281
47,230,45070.0,45070.0,45.07,1000.0,0.0191
47,253,2610.0,2610.0,2.61,1000.0,0.0282
47,254,16410.0,16410.0,16.41,1000.0,0.029
48,75,29760.0,29760.0,29.76,1000.0,0.0238
48,85,35920.0,35920.0,35.92,1000.0,0.015
48,110,4770.0,4770.0,4.77,1000.0,0.0091
48,150,12780.0,12780.0,12.78,1000.0,0.0259
48,175,20070.0,20070.0,20.07,1000.0,0.0274
48,195,17250.0,17250.0,17.25,1000.0,0.0239
48,222,7860.0,7860.0,7.86,1000.0,0.0297
48,273,36480.0,36480.0,36.48,1000.0,0.0175
49,57,48740.0,48740.0,48.74,1000.0,0.0063
49,64,22420.0,22420.0,22.42,1000.0,0.026
49,66,17690.0,17690.0,17.69,1000.0,0.0242
49,99,47790.0,47790.0,47.79,1000.0,0.0149
49,100,38900.0,38900.0,38.9,1000.0,0.0057
49,107,14390.0,14390.0,14.39,1000.0,0.0298
49,127,25040.0,25040.0,25.04,1000.0,0.0139
49,130,47120.0,47120.0,47.12,1000.0,0.0158
49,167,34310.0,34310.0,34.31,1000.0,0.0215
49,225,5200.0,5200.0,5.2,1000.0,0.0205
49,239,40100.0,40100.0,40.1,1000.0,0.0228
49,242,5020.0,5020.0,5.02,1000.0,0.0089
49,282,35870.0,35870.0,35.87,1000.0,0.0208
50,68,37240.0,37240.0,37.24,1000.0,0.0129
50,80,6220.0,6220.0,6.22,1000.0,0.0051
50,112,16110.0,16110.0,16.11,1000.0,0.014
50,145,14220.0,14220.0,14.22,1000.0,0.0083
50,162,10180.0,10180.0,10.18,1000.0,0.0162
50,252,28180.0,28180.0,28.18,1000.0,0.0152
50,265,2290.0,2290.0,2.29,1000.0,0.0138
50,276,5560.0,5560.0,5.56,1000.0,0.02
51,60,16900.0,16900.0,16.9,1000.0,0.0146
51,61,15300.0,15300.0,15.3,1000.0,0.0147
51,90,5150.0,5150.0,5.15,1000.0,0.0275
51,119,45360.0,45360.0,45.36,1000.0,0.0295
51,147,29030.0,29030.0,29.03,1000.0,0.0092
51,174,19660.0,19660.0,19.66,1000.0,0.0085
51,181,15760.0,15760.0,15.76,1000.0,0.0173
51,186,4100.0,4100.0,4.1,1000.0,0.0159
51,199,21630.0,21630.0,21.63,1000.0,0.0171
51,223,4770.0,4770.0,4.77,1000.0,0.0113
51,224,13080.0,13080.0,13.08,1000.0,0.0206
51,228,30100.0,30100.0,30.1,1000.0,0.0099
51,275,6240.0,6240.0,6.24,1000.0,0.0126
51,285,47490.0,47490.0,47.49,1000.0,0.0133
52,58,31390.0,31390.0,31.39,1000.0,0.0251
52,78,17150.0,17150.0,17.15,1000.0,0.0134
52,83,40960.0,40960.0,40.96,1000.0,0.0265
52,105,48740.0,48740.0,48.74,1000.0,0.0084
52,122,16710.0,16710.0,16.71,1000.0,0.0287
52,125,10840.0,10840.0,10.84,1000.0,0.0129
52,139,48260.0,48260.0,48.26,1000.0,0.0292
52,158,15280.0,15280.0,15.28,1000.0,0.0224
52,182,25060.0,25060.0,25.06,1000.0,0.0194
52,183,12880.0,12880.0,12.88,1000.0,0.0144
52,196,41010.0,41010.0,41.01,1000.0,0.0148
52,210,6580.0,6580.0,6.58,1000.0,0.0191
52,211,30020.0,30020.0,30.02,1000.0,0.0186
52,227,34400.0,34400.0,34.4,1000.0,0.0188
52,233,47700.0,47700.0,47.7,1000.0,0.0165
52,241,35710.0,35710.0,35.71,1000.0,0.016
52,247,15280.0,15280.0,15.28,1000.0,0.0223
52,251,41130.0,41130.0,41.13,1000.0,0.0249
52,265,21050.0,21050.0,21.05,1000.0,0.0175
52,268,32030.0,32030.0,32.03,1000.0,0.0111
52,272,33270.0,33270.0,33.27,1000.0,0.0229
53,67,39660.0,39660.0,39.66,1000.0,0.0068
53,88,49540.0,49540.0,49.54,1000.0,0.017
53,94,20640.0,20640.0,20.64,1000.0,0.0177
53,109,46100.0,46100.0,46.1,1000.0,0.0223
53,123,27640.0,27640.0,27.64,1000.0,0.0248
53,126,18620.0,18620.0,18.62,1000.0,0.0274
53,138,27310.0,27310.0,27.31,1000.0,0.021
53,179,5160.0,5160.0,5.16,1000.0,0.0242
53,193,33220.0,33220.0,33.22,1000.0,0.0139
53,203,32700.0,32700.0,32.7,1000.0,0.0061
53,208,49200.0,49200.0,49.2,1000.0,0.0219
53,215,20580.0,20580.0,20.58,1000.0,0.0238
53,253,48320.0,48320.0,48.32,1000.0,0.0158
53,254,1520.0,1520.0,1.52,1000.0,0.0115
53,255,26020.0,26020.0,26.02,1000.0,0.018
53,259,29450.0,29450.0,29.45,1000.0,0.0194
54,97,22840.0,22840.0,22.84,1000.0,0.0148
54,104,38840.0,38840.0,38.84,1000.0,0.0197
54,113,25520.0,25520.0,25.52,1000.0,0.0136
54,121,2200.0,2200.0,2.2,1000.0,0.0076
54,142,21380.0,21380.0,21.38,1000.0,0.029
54,163,6690.0,6690.0,6.69,1000.0,0.0285
54,201,7940.0,7940.0,7.94,1000.0,0.0128
54,221,23310.0,23310.0,23.31,1000.0,0.0102
54,237,24660.0,24660.0,24.66,1000.0,0.0169
54,297,22470.0,22470.0,22.47,1000.0,0.0224
55,87,16630.0,16630.0,16.63,1000.0,0.0125
55,93,40700.0,40700.0,40.7,1000.0,0.0079
55,101,42610.0,42610.0,42.61,1000.0,0.0212
55,118,34180.0,34180.0,34.18,1000.0,0.0091
55,135,49210.0,49210.0,49.21,1000.0,0.0111
55,155,9550.0,9550.0,9.55,1000.0,0.009
55,165,28430.0,28430.0,28.43,1000.0,0.029
55,170,12360.0,12360.0,12.36,1000.0,0.0151
55,173,10040.0,10040.0,10.04,1000.0,0.021
55,177,22170.0,22170.0,22.17,1000.0,0.0057
55,178,31090.0,31090.0,31.09,1000.0,0.0099
55,202,30020.0,30020.0,30.02,1000.0,0.0147
55,263,35530.0,35530.0,35.53,1000.0,0.0101
55,279,37860.0,37860.0,37.86,1000.0,0.0252
55,292,4070.0,4070.0,4.07,1000.0,0.0075
55,295,43730.0,43730.0,43.73,1000.0,0.0097
56,59,16970.0,16970.0,16.97,1000.0,0.0164
56,72,13860.0,13860.0,13.86,1000.0,0.0266
56,95,26860.0,26860.0,26.86,1000.0,0.021
56,98,30250.0,30250.0,30.25,1000.0,0.0203
56,102,29760.0,29760.0,29.76,1000.0,0.0137
56,131,42430.0,42430.0,42.43,1000.0,0.0204
56,144,40870.0,40870.0,40.87,1000.0,0.0226
56,169,15570.0,15570.0,15.57,1000.0,0.0204
56,200,5150.0,5150.0,5.15,1000.0,0.0083
56,212,6780.0,6780.0,6.78,1000.0,0.0126
56,217,9970.0,9970.0,9.97,1000.0,0.0223
56,226,26030.0,26030.0,26.03,1000.0,0.0155
56,232,7760.0,7760.0,7.76,1000.0,0.0146
56,236,10100.0,10100.0,10.1,1000.0,0.0209
56,248,34980.0,34980.0,34.98,1000.0,0.0211
56,249,50000.0,50000.0,50.0,1000.0,0.0189
56,266,24990.0,24990.0,24.99,1000.0,0.0085
57,64,16410.0,16410.0,16.41,1000.0,0.0163
57,66,3630.0,3630.0,3.63,1000.0,0.014
57,99,1470.0,1470.0,1.47,1000.0,0.0084
57,100,40950.0,40950.0,40.95,1000.0,0.0291
57,107,25770.0,25770.0,25.77,1000.0,0.0174
57,130,34550.0,34550.0,34.55,1000.0,0.0154
57,154,42150.0,42150.0,42.15,1000.0,0.0172
57,157,5050.0,5050.0,5.05,1000.0,0.0058
57,160,38290.0,38290.0,38.29,1000.0,0.0123
57,161,14470.0,14470.0,14.47,1000.0,0.0184
57,164,9240.0,9240.0,9.24,1000.0,0.0164
57,167,37380.0,37380.0,37.38,1000.0,0.0241
57,225,27940.0,27940.0,27.94,1000.0,0.0078
57,239,6600.0,6600.0,6.6,1000.0,0.0244
57,242,41340.0,41340.0,41.34,1000.0,0.0142
57,270,41310.0,41310.0,41.31,1000.0,0.006
57,282,36230.0,36230.0,36.23,1000.0,0.0187
58,78,49500.0,49500.0,49.5,1000.0,0.0076
58,83,41670.0,41670.0,41.67,1000.0,0.0238
58,105,15590.0,15590.0,15.59,1000.0,0.03
58,120,23040.0,23040.0,23.04,1000.0,0.0137
58,122,41020.0,41020.0,41.02,1000.0,0.016
58,125,49700.0,49700.0,49.7,1000.0,0.0244
58,139,12610.0,12610.0,12.61,1000.0,0.0253
58,158,29810.0,29810.0,29.81,1000.0,0.0138
58,182,35830.0,35830.0,35.83,1000.0,0.0208
58,183,9130.0,9130.0,9.13,1000.0,0.0085
58,196,11120.0,11120.0,11.12,1000.0,0.0102
58,198,3910.0,3910.0,3.91,1000.0,0.0138
58,210,14770.0,14770.0,14.77,1000.0,0.0185
58,211,16860.0,16860.0,16.86,1000.0,0.0226
58,227,15180.0,15180.0,15.18,1000.0,0.0117
58,233,43040.0,43040.0,43.04,1000.0,0.0296
58,235,34290.0,34290.0,34.29,1000.0,0.0074
58,241,48180.0,48180.0,48.18,1000.0,0.0246
58,247,46020.0,46020.0,46.02,1000.0,0.0298
58,251,43490.0,43490.0,43.49,1000.0,0.0082
58,268,43440.0,43440.0,43.44,1000.0,0.0112
58,272,35860.0,35860.0,35.86,1000.0,0.0257
59,98,38310.0,38310.0,38.31,1000.0,0.0219
59,102,24980.0,24980.0,24.98,1000.0,0.0194
59,140,14170.0,14170.0,14.17,1000.0,0.0154
59,141,23150.0,23150.0,23.15,1000.0,0.0208
59,146,44130.0,44130.0,44.13,1000.0,0.0073
59,206,26270.0,26270.0,26.27,1000.0,0.012
59,212,46880.0,46880.0,46.88,1000.0,0.0142
59,217,47560.0,47560.0,47.56,1000.0,0.0132
59,229,1120.0,1120.0,1.12,1000.0,0.0244
59,232,36900.0,36900.0,36.9,1000.0,0.0233
59,234,23460.0,23460.0,23.46,1000.0,0.0216
59,249,18550.0,18550.0,18.55,1000.0,0.0066
59,250,27190.0,27190.0,27.19,1000.0,0.0104
59,266,22050.0,22050.0,22.05,1000.0,0.0103
59,269,14160.0,14160.0,14.16,1000.0,0.0257
59,274,17550.0,17550.0,17.55,1000.0,0.0194
60,61,28740.0,28740.0,28.74,1000.0,0.0171
60,90,17840.0,17840.0,17.84,1000.0,0.0221
60,147,3370.0,3370.0,3.37,1000.0,0.0075
60,150,39410.0,39410.0,39.41,1000.0,0.0165
60,151,7090.0,7090.0,7.09,1000.0,0.0264
60,186,22620.0,22620.0,22.62,1000.0,0.005
60,199,47940.0,47940.0,47.94,1000.0,0.0101
60,222,34740.0,34740.0,34.74,1000.0,0.0083
60,223,32850.0,32850.0,32.85,1000.0,0.009
60,224,46700.0,46700.0,46.7,1000.0,0.0119
60,228,33070.0,33070.0,33.07,1000.0,0.0113
60,275,19220.0,19220.0,19.22,1000.0,0.0276
60,277,9110.0,9110.0,9.11,1000.0,0.0149
60,285,15970.0,15970.0,15.97,1000.0,0.0225
61,147,12470.0,12470.0,12.47,1000.0,0.0214
61,150,35480.0,35480.0,35.48,1000.0,0.005
61,151,24360.0,24360.0,24.36,1000.0,0.0083
61,186,12080.0,12080.0,12.08,1000.0,0.022
61,199,1460.0,1460.0,1.46,1000.0,0.0224
61,222,41040.0,41040.0,41.04,1000.0,0.0297
61,223,21690.0,21690.0,21.69,1000.0,0.0083
61,224,4470.0,4470.0,4.47,1000.0,0.0146
61,228,36810.0,36810.0,36.81,1000.0,0.0076
61,275,16350.0,16350.0,16.35,1000.0,0.027
61,277,7720.0,7720.0,7.72,1000.0,0.0243
61,285,37900.0,37900.0,37.9,1000.0,0.0083
62,88,49650.0,49650.0,49.65,1000.0,0.0086
62,128,26990.0,26990.0,26.99,1000.0,0.0052
62,171,32850.0,32850.0,32.85,1000.0,0.016
62,197,36400.0,36400.0,36.4,1000.0,0.0207
62,215,8420.0,8420.0,8.42,1000.0,0.0153
62,230,34640.0,34640.0,34.64,1000.0,0.0265
62,254,5250.0,5250.0,5.25,1000.0,0.0075
63,114,37870.0,37870.0,37.87,1000.0,0.0197
63,149,19820.0,19820.0,19.82,1000.0,0.0291
63,159,16410.0,16410.0,16.41,1000.0,0.0085
63,184,14570.0,14570.0,14.57,1000.0,0.0071
63,278,28120.0,28120.0,28.12,1000.0,0.02
63,283,30770.0,30770.0,30.77,1000.0,0.0245
63,299,34830.0,34830.0,34.83,1000.0,0.0262
64,66,33260.0,33260.0,33.26,1000.0,0.0125
64,99,26370.0,26370.0,26.37,1000.0,0.0177
64,100,37640.0,37640.0,37.64,1000.0,0.0124
64,130,3670.0,3670.0,3.67,1000.0,0.0274
64,132,47780.0,47780.0,47.78,1000.0,0.0174
64,154,6520.0,6520.0,6.52,1000.0,0.0175
64,157,30100.0,30100.0,30.1,1000.0,0.0182
64,160,48910.0,48910.0,48.91,1000.0,0.0297
64,161,46760.0,46760.0,46.76,1000.0,0.0083
64,164,43180.0,43180.0,43.18,1000.0,0.0192
64,167,18910.0,18910.0,18.91,1000.0,0.0221
64,205,38370.0,38370.0,38.37,1000.0,0.0289
64,214,38750.0,38750.0,38.75,1000.0,0.0054
64,225,4310.0,4310.0,4.31,1000.0,0.0116
64,239,2950.0,2950.0,2.95,1000.0,0.0065
64,242,39680.0,39680.0,39.68,1000.0,0.0177
64,257,31800.0,31800.0,31.8,1000.0,0.0175
64,270,21360.0,21360.0,21.36,1000.0,0.0225
64,282,5040.0,5040.0,5.04,1000.0,0.0184
65,84,31190.0,31190.0,31.19,1000.0,0.0119
65,103,16190.0,16190.0,16.19,1000.0,0.0178
65,117,10960.0,10960.0,10.96,1000.0,0.0252
65,131,27280.0,27280.0,27.28,1000.0,0.0148
65,148,32080.0,32080.0,32.08,1000.0,0.0259
65,156,34370.0,34370.0,34.37,1000.0,0.0067
65,187,35240.0,35240.0,35.24,1000.0,0.0232
65,207,42480.0,42480.0,42.48,1000.0,0.0064
65,240,5220.0,5220.0,5.22,1000.0,0.0159
65,246,23220.0,23220.0,23.22,1000.0,0.0202
65,248,16160.0,16160.0,16.16,1000.0,0.0235
65,258,37290.0,37290.0,37.29,1000.0,0.008
65,294,35690.0,35690.0,35.69,1000.0,0.0225
66,100,9030.0,9030.0,9.03,1000.0,0.0288
66,107,26630.0,26630.0,26.63,1000.0,0.0246
66,127,36320.0,36320.0,36.32,1000.0,0.0092
66,130,7220.0,7220.0,7.22,1000.0,0.0245
66,154,14170.0,14170.0,14.17,1000.0,0.0272
66,157,38800.0,38800.0,38.8,1000.0,0.0057
66,160,40550.0,40550.0,40.55,1000.0,0.0118
66,161,4130.0,4130.0,4.13,1000.0,0.0228
66,164,29260.0,29260.0,29.26,1000.0,0.0069
66,167,23300.0,23300.0,23.3,1000.0,0.014
66,242,25480.0,25480.0,25.48,1000.0,0.0192
66,270,19020.0,19020.0,19.02,1000.0,0.0114
66,282,6040.0,6040.0,6.04,1000.0,0.0193
66,286,36420.0,36420.0,36.42,1000.0,0.0107
67,80,25930.0,25930.0,25.93,1000.0,0.0061
67,88,43280.0,43280.0,43.28,1000.0,0.0111
67,94,24120.0,24120.0,24.12,1000.0,0.0146
67,112,8350.0,8350.0,8.35,1000.0,0.0283
67,126,43020.0,43020.0,43.02,1000.0,0.0188
67,138,45780.0,45780.0,45.78,1000.0,0.0235
67,179,21550.0,21550.0,21.55,1000.0,0.013
67,193,21400.0,21400.0,21.4,1000.0,0.023
67,203,14290.0,14290.0,14.29,1000.0,0.0069
67,215,19270.0,19270.0,19.27,1000.0,0.0176
67,253,45200.0,45200.0,45.2,1000.0,0.0095
67,254,40410.0,40410.0,40.41,1000.0,0.0295
67,259,47750.0,47750.0,47.75,1000.0,0.0067
67,268,23790.0,23790.0,23.79,1000.0,0.0121
68,80,42400.0,42400.0,42.4,1000.0,0.0132
68,122,28100.0,28100.0,28.1,1000.0,0.0052
68,145,10830.0,10830.0,10.83,1000.0,0.0191
68,149,15890.0,15890.0,15.89,1000.0,0.0206
68,162,23730.0,23730.0,23.73,1000.0,0.0198
68,211,25170.0,25170.0,25.17,1000.0,0.0243
68,252,10580.0,10580.0,10.58,1000.0,0.0275
68,265,38260.0,38260.0,38.26,1000.0,0.0111
68,276,1310.0,1310.0,1.31,1000.0,0.0153
68,296,12420.0,12420.0,12.42,1000.0,0.0137
69,82,42140.0,42140.0,42.14,1000.0,0.0269
69,87,47600.0,47600.0,47.6,1000.0,0.005
69,101,33210.0,33210.0,33.21,1000.0,0.0262
69,140,36630.0,36630.0,36.63,1000.0,0.0076
69,143,26960.0,26960.0,26.96,1000.0,0.011
69,165,25110.0,25110.0,25.11,1000.0,0.0065
69,166,49850.0,49850.0,49.85,1000.0,0.0228
69,170,5560.0,5560.0,5.56,1000.0,0.028
69,202,44970.0,44970.0,44.97,1000.0,0.018
69,206,35340.0,35340.0,35.34,1000.0,0.0143
69,209,48750.0,48750.0,48.75,1000.0,0.0071
69,234,5680.0,5680.0,5.68,1000.0,0.0083
69,269,41180.0,41180.0,41.18,1000.0,0.0069
69,274,28820.0,28820.0,28.82,1000.0,0.0159
69,291,48250.0,48250.0,48.25,1000.0,0.0109
69,295,13790.0,13790.0,13.79,1000.0,0.0129
70,76,40240.0,40240.0,40.24,1000.0,0.0225
70,78,37030.0,37030.0,37.03,1000.0,0.013
70,89,14330.0,14330.0,14.33,1000.0,0.0069
70,106,10930.0,10930.0,10.93,1000.0,0.0245
70,119,29650.0,29650.0,29.65,1000.0,0.0089
70,120,9050.0,9050.0,9.05,1000.0,0.0167
70,158,20920.0,20920.0,20.92,1000.0,0.0184
70,181,48270.0,48270.0,48.27,1000.0,0.0102
70,182,16110.0,16110.0,16.11,1000.0,0.0116
70,198,6880.0,6880.0,6.88,1000.0,0.0089
70,210,34620.0,34620.0,34.62,1000.0,0.0257
70,235,35150.0,35150.0,35.15,1000.0,0.006
70,244,41960.0,41960.0,41.96,1000.0,0.0132
70,251,5470.0,5470.0,5.47,1000.0,0.0112
70,288,18430.0,18430.0,18.43,1000.0,0.0178
70,293,34180.0,34180.0,34.18,1000.0,0.0115
71,81,49540.0,49540.0,49.54,1000.0,0.0058
71,96,20820.0,20820.0,20.82,1000.0,0.0163
71,105,37660.0,37660.0,37.66,1000.0,0.0112
71,114,23640.0,23640.0,23.64,1000.0,0.0251
71,125,7850.0,7850.0,7.85,1000.0,0.0053
71,129,41690.0,41690.0,41.69,1000.0,0.0296
71,153,7410.0,7410.0,7.41,1000.0,0.0256
71,159,19240.0,19240.0,19.24,1000.0,0.0208
71,163,32590.0,32590.0,32.59,1000.0,0.0196
71,168,13680.0,13680.0,13.68,1000.0,0.0253
71,172,2070.0,2070.0,2.07,1000.0,0.0066
71,189,45220.0,45220.0,45.22,1000.0,0.0161
71,216,7310.0,7310.0,7.31,1000.0,0.0276
71,218,41640.0,41640.0,41.64,1000.0,0.0133
71,241,3090.0,3090.0,3.09,1000.0,0.0165
71,287,9230.0,9230.0,9.23,1000.0,0.0193
71,290,41260.0,41260.0,41.26,1000.0,0.0149
71,296,2440.0,2440.0,2.44,1000.0,0.0221
71,297,9470.0,9470.0,9.47,1000.0,0.0104
72,92,10170.0,10170.0,10.17,1000.0,0.012
72,95,44290.0,44290.0,44.29,1000.0,0.0059
72,102,31340.0,31340.0,31.34,1000.0,0.0111
72,131,15460.0,15460.0,15.46,1000.0,0.0153
72,144,27980.0,27980.0,27.98,1000.0,0.0065
72,169,14710.0,14710.0,14.71,1000.0,0.0084
72,192,10770.0,10770.0,10.77,1000.0,0.0271
72,200,26760.0,26760.0,26.76,1000.0,0.0208
72,212,40310.0,40310.0,40.31,1000.0,0.0249
72,226,49480.0,49480.0,49.48,1000.0,0.0245
72,232,18600.0,18600.0,18.6,1000.0,0.0186
72,236,24750.0,24750.0,24.75,1000.0,0.0278
72,248,25620.0,25620.0,25.62,1000.0,0.0147
72,249,9810.0,9810.0,9.81,1000.0,0.013
72,266,11730.0,11730.0,11.73,1000.0,0.0274
73,86,39150.0,39150.0,39.15,1000.0,0.0065
73,108,49590.0,49590.0,49.59,1000.0,0.0182
73,111,38580.0,38580.0,38.58,1000.0,0.03
73,113,48730.0,48730.0,48.73,1000.0,0.0075
73,116,33190.0,33190.0,33.19,1000.0,0.0117
73,119,41000.0,41000.0,41.0,1000.0,0.0279
73,185,3740.0,3740.0,3.74,1000.0,0.0299
73,219,11750.0,11750.0,11.75,1000.0,0.0262
73,238,40070.0,40070.0,40.07,1000.0,0.0139
73,243,42120.0,42120.0,42.12,1000.0,0.0261
73,244,9630.0,9630.0,9.63,1000.0,0.0198
73,261,40500.0,40500.0,40.5,1000.0,0.0224
73,262,45790.0,45790.0,45.79,1000.0,0.0057
73,284,35330.0,35330.0,35.33,1000.0,0.0287
73,289,28620.0,28620.0,28.62,1000.0,0.0191
73,293,10220.0,10220.0,10.22,1000.0,0.0297
74,77,44200.0,44200.0,44.2,1000.0,0.0173
74,79,16140.0,16140.0,16.14,1000.0,0.0173
74,94,5420.0,5420.0,5.42,1000.0,0.0108
74,109,11720.0,11720.0,11.72,1000.0,0.0182
74,123,1030.0,1030.0,1.03,1000.0,0.0279
74,191,10870.0,10870.0,10.87,1000.0,0.0083
74,193,36130.0,36130.0,36.13,1000.0,0.028
74,215,42370.0,42370.0,42.37,1000.0,0.0131
74,230,2070.0,2070.0,2.07,1000.0,0.0197
74,231,45940.0,45940.0,45.94,1000.0,0.0244
74,245,42480.0,42480.0,42.48,1000.0,0.0265
74,255,48070.0,48070.0,48.07,1000.0,0.0143
75,85,47150.0,47150.0,47.15,1000.0,0.0149
75,110,5950.0,5950.0,5.95,1000.0,0.0125
75,150,7690.0,7690.0,7.69,1000.0,0.0089
75,175,47490.0,47490.0,47.49,1000.0,0.0248
75,194,48070.0,48070.0,48.07,1000.0,0.0212
75,195,9540.0,9540.0,9.54,1000.0,0.0292
75,222,34980.0,34980.0,34.98,1000.0,0.0282
75,225,39560.0,39560.0,39.56,1000.0,0.0106
76,78,29860.0,29860.0,29.86,1000.0,0.0094
76,89,16030.0,16030.0,16.03,1000.0,0.0222
76,106,7240.0,7240.0,7.24,1000.0,0.0232
76,120,47490.0,47490.0,47.49,1000.0,0.0287
76,158,20190.0,20190.0,20.19,1000.0,0.0299
76,182,48290.0,48290.0,48.29,1000.0,0.0058
76,196,30520.0,30520.0,30.52,1000.0,0.028
76,198,48410.0,48410.0,48.41,1000.0,0.0105
76,210,28710.0,28710.0,28.71,1000.0,0.0284
76,235,7890.0,7890.0,7.89,1000.0,0.0236
76,244,12660.0,12660.0,12.66,1000.0,0.0296
76,251,9230.0,9230.0,9.23,1000.0,0.0271
76,280,5350.0,5350.0,5.35,1000.0,0.0227
76,288,32320.0,32320.0,32.32,1000.0,0.0272
76,293,22880.0,22880.0,22.88,1000.0,0.0116
77,79,13230.0,13230.0,13.23,1000.0,0.0067
77,84,13580.0,13580.0,13.58,1000.0,0.0077
77,109,1060.0,1060.0,1.06,1000.0,0.0146
77,115,36900.0,36900.0,36.9,1000.0,0.0292
77,128,44340.0,44340.0,44.34,1000.0,0.0173
77,137,19560.0,19560.0,19.56,1000.0,0.0187
77,152,5970.0,5970.0,5.97,1000.0,0.017
77,171,43340.0,43340.0,43.34,1000.0,0.0213
77,197,34670.0,34670.0,34.67,1000.0,0.0091
77,230,4610.0,4610.0,4.61,1000.0,0.0261
77,245,15450.0,15450.0,15.45,1000.0,0.013
77,255,47630.0,47630.0,47.63,1000.0,0.0069
77,264,9340.0,9340.0,9.34,1000.0,0.0144
78,83,36870.0,36870.0,36.87,1000.0,0.0187
78,89,45010.0,45010.0,45.01,1000.0,0.0073
78,120,30110.0,30110.0,30.11,1000.0,0.0203
78,139,24650.0,24650.0,24.65,1000.0,0.0058
78,158,47180.0,47180.0,47.18,1000.0,0.0091
78,182,44600.0,44600.0,44.6,1000.0,0.0089
78,183,5960.0,5960.0,5.96,1000.0,0.0101
78,196,10310.0,10310.0,10.31,1000.0,0.0224
78,198,36380.0,36380.0,36.38,1000.0,0.0232
78,208,14000.0,14000.0,14.0,1000.0,0.012
78,210,12640.0,12640.0,12.64,1000.0,0.0062
78,227,29020.0,29020.0,29.02,1000.0,0.026
78,235,8530.0,8530.0,8.53,1000.0,0.014
78,247,21950.0,21950.0,21.95,1000.0,0.0124
78,251,33440.0,33440.0,33.44,1000.0,0.02
78,272,10780.0,10780.0,10.78,1000.0,0.0056
78,293,9370.0,9370.0,9.37,1000.0,0.0123
79,84,5010.0,5010.0,5.01,1000.0,0.0261
79,109,16110.0,16110.0,16.11,1000.0,0.0149
79,117,24970.0,24970.0,24.97,1000.0,0.0215
79,137,5470.0,5470.0,5.47,1000.0,0.0186
79,152,10060.0,10060.0,10.06,1000.0,0.0271
79,156,19100.0,19100.0,19.1,1000.0,0.0161
79,231,13900.0,13900.0,13.9,1000.0,0.0166
79,245,12090.0,12090.0,12.09,1000.0,0.0117
79,255,4020.0,4020.0,4.02,1000.0,0.0238
79,258,33710.0,33710.0,33.71,1000.0,0.0071
80,112,17850.0,17850.0,17.85,1000.0,0.0185
80,138,48560.0,48560.0,48.56,1000.0,0.0197
80,162,28130.0,28130.0,28.13,1000.0,0.026
80,203,41100.0,41100.0,41.1,1000.0,0.0155
80,211,27240.0,27240.0,27.24,1000.0,0.0267
80,252,24270.0,24270.0,24.27,1000.0,0.027
80,259,24340.0,24340.0,24.34,1000.0,0.007
80,265,45240.0,45240.0,45.24,1000.0,0.0229
80,268,25600.0,25600.0,25.6,1000.0,0.0275
80,276,40220.0,40220.0,40.22,1000.0,0.0219
81,96,31390.0,31390.0,31.39,1000.0,0.008
81,105,38100.0,38100.0,38.1,1000.0,0.0093
81,114,49230.0,49230.0,49.23,1000.0,0.0293
81,129,40610.0,40610.0,40.61,1000.0,0.0082
81,153,21750.0,21750.0,21.75,1000.0,0.0297
81,159,22330.0,22330.0,22.33,1000.0,0.0299
81,163,31730.0,31730.0,31.73,1000.0,0.0259
81,168,13640.0,13640.0,13.64,1000.0,0.0278
81,172,45790.0,45790.0,45.79,1000.0,0.0067
81,189,20020.0,20020.0,20.02,1000.0,0.0149
81,216,16980.0,16980.0,16.98,1000.0,0.0119
81,218,23450.0,23450.0,23.45,1000.0,0.0268
81,278,39540.0,39540.0,39.54,1000.0,0.0206
81,283,26610.0,26610.0,26.61,1000.0,0.0155
81,287,21310.0,21310.0,21.31,1000.0,0.0087
81,290,29810.0,29810.0,29.81,1000.0,0.024
81,296,47040.0,47040.0,47.04,1000.0,0.0281
81,297,28570.0,28570.0,28.57,1000.0,0.0075
82,87,15020.0,15020.0,15.02,1000.0,0.0184
82,91,17850.0,17850.0,17.85,1000.0,0.0153
82,101,19770.0,19770.0,19.77,1000.0,0.0171
82,143,30840.0,30840.0,30.84,1000.0,0.0059
82,155,14500.0,14500.0,14.5,1000.0,0.0086
82,166,30820.0,30820.0,30.82,1000.0,0.0223
82,176,2900.0,2900.0,2.9,1000.0,0.0272
82,202,17240.0,17240.0,17.24,1000.0,0.0109
82,209,37540.0,37540.0,37.54,1000.0,0.028
82,269,44950.0,44950.0,44.95,1000.0,0.0055
82,274,41050.0,41050.0,41.05,1000.0,0.0126
82,291,14740.0,14740.0,14.74,1000.0,0.0173
82,295,35110.0,35110.0,35.11,1000.0,0.0075
83,105,43580.0,43580.0,43.58,1000.0,0.0084
83,122,48740.0,48740.0,48.74,1000.0,0.0161
83,125,41470.0,41470.0,41.47,1000.0,0.0117
83,139,21420.0,21420.0,21.42,1000.0,0.0211
83,168,10210.0,10210.0,10.21,1000.0,0.0103
83,183,41370.0,41370.0,41.37,1000.0,0.0235
83,196,38220.0,38220.0,38.22,1000.0,0.0267
83,211,41230.0,41230.0,41.23,1000.0,0.0179
83,227,8790.0,8790.0,8.79,1000.0,0.0128
83,233,25830.0,25830.0,25.83,1000.0,0.0084
83,241,42710.0,42710.0,42.71,1000.0,0.027
83,247,2420.0,2420.0,2.42,1000.0,0.0098
83,265,41810.0,41810.0,41.81,1000.0,0.0259
83,268,13230.0,13230.0,13.23,1000.0,0.0164
83,272,45980.0,45980.0,45.98,1000.0,0.0226
83,287,14420.0,14420.0,14.42,1000.0,0.0256
83,296,25750.0,25750.0,25.75,1000.0,0.0209
84,115,7070.0,7070.0,7.07,1000.0,0.0058
84,117,19250.0,19250.0,19.25,1000.0,0.0199
84,137,9700.0,9700.0,9.7,1000.0,0.0268
84,152,29760.0,29760.0,29.76,1000.0,0.0137
84,156,9010.0,9010.0,9.01,1000.0,0.0274
84,207,37700.0,37700.0,37.7,1000.0,0.0222
84,245,14970.0,14970.0,14.97,1000.0,0.0147
84,258,8980.0,8980.0,8.98,1000.0,0.0193
85,110,48280.0,48280.0,48.28,1000.0,0.0264
85,150,32720.0,32720.0,32.72,1000.0,0.0219
85,151,14190.0,14190.0,14.19,1000.0,0.0152
85,175,1980.0,1980.0,1.98,1000.0,0.0245
85,194,38610.0,38610.0,38.61,1000.0,0.0052
85,195,45660.0,45660.0,45.66,1000.0,0.0212
85,222,30460.0,30460.0,30.46,1000.0,0.0052
85,224,13370.0,13370.0,13.37,1000.0,0.0251
85,277,15970.0,15970.0,15.97,1000.0,0.0292
86,97,32490.0,32490.0,32.49,1000.0,0.0156
86,108,19450.0,19450.0,19.45,1000.0,0.0137
86,111,13350.0,13350.0,13.35,1000.0,0.0167
86,113,34180.0,34180.0,34.18,1000.0,0.0256
86,142,20460.0,20460.0,20.46,1000.0,0.0076
86,185,26060.0,26060.0,26.06,1000.0,0.0216
86,201,42320.0,42320.0,42.32,1000.0,0.0144
86,219,32720.0,32720.0,32.72,1000.0,0.0202
86,237,15630.0,15630.0,15.63,1000.0,0.0077
86,238,4130.0,4130.0,4.13,1000.0,0.0297
86,241,32390.0,32390.0,32.39,1000.0,0.0265
86,243,13800.0,13800.0,13.8,1000.0,0.0228
86,289,44730.0,44730.0,44.73,1000.0,0.0125
87,93,8350.0,8350.0,8.35,1000.0,0.0241
87,101,45080.0,45080.0,45.08,1000.0,0.0251
87,118,40320.0,40320.0,40.32,1000.0,0.02
87,135,33370.0,33370.0,33.37,1000.0,0.022
87,140,36340.0,36340.0,36.34,1000.0,0.0214
87,143,49880.0,49880.0,49.88,1000.0,0.0115
87,155,21510.0,21510.0,21.51,1000.0,0.0147
87,165,2730.0,2730.0,2.73,1000.0,0.0227
87,166,29030.0,29030.0,29.03,1000.0,0.0097
87,170,36600.0,36600.0,36.6,1000.0,0.0106
87,180,27200.0,27200.0,27.2,1000.0,0.0246
87,190,45420.0,45420.0,45.42,1000.0,0.0218
87,202,25860.0,25860.0,25.86,1000.0,0.0261
87,206,42190.0,42190.0,42.19,1000.0,0.0269
87,209,9880.0,9880.0,9.88,1000.0,0.0074
87,263,7270.0,7270.0,7.27,1000.0,0.0115
87,269,40610.0,40610.0,40.61,1000.0,0.0241
87,274,9970.0,9970.0,9.97,1000.0,0.022
87,291,17450.0,17450.0,17.45,1000.0,0.0072
87,292,18410.0,18410.0,18.41,1000.0,0.0236
87,295,16050.0,16050.0,16.05,1000.0,0.0247
87,298,17230.0,17230.0,17.23,1000.0,0.0115
88,94,15410.0,15410.0,15.41,1000.0,0.0263
88,109,24060.0,24060.0,24.06,1000.0,0.0267
88,123,29600.0,29600.0,29.6,1000.0,0.0286
88,126,4490.0,4490.0,4.49,1000.0,0.0272
88,138,25520.0,25520.0,25.52,1000.0,0.0267
88,179,19700.0,19700.0,19.7,1000.0,0.0125
88,193,3650.0,3650.0,3.65,1000.0,0.0264
88,203,7730.0,7730.0,7.73,1000.0,0.01
88,215,21050.0,21050.0,21.05,1000.0,0.0192
88,230,45420.0,45420.0,45.42,1000.0,0.0164
88,253,16500.0,16500.0,16.5,1000.0,0.0229
88,254,39170.0,39170.0,39.17,1000.0,0.0172
88,259,31920.0,31920.0,31.92,1000.0,0.0094
89,92,32090.0,32090.0,32.09,1000.0,0.0051
89,106,14400.0,14400.0,14.4,1000.0,0.024
89,120,9260.0,9260.0,9.26,1000.0,0.0241
89,182,24990.0,24990.0,24.99,1000.0,0.0241
89,191,5310.0,5310.0,5.31,1000.0,0.0204
89,196,32040.0,32040.0,32.04,1000.0,0.0151
89,198,48300.0,48300.0,48.3,1000.0,0.0146
89,235,2850.0,2850.0,2.85,1000.0,0.01
89,251,19280.0,19280.0,19.28,1000.0,0.0054
89,280,16790.0,16790.0,16.79,1000.0,0.0258
89,288,10340.0,10340.0,10.34,1000.0,0.0219
89,293,31710.0,31710.0,31.71,1000.0,0.0112
90,116,34980.0,34980.0,34.98,1000.0,0.0136
90,119,7320.0,7320.0,7.32,1000.0,0.0146
90,132,29840.0,29840.0,29.84,1000.0,0.0092
90,147,41370.0,41370.0,41.37,1000.0,0.0125
90,151,15250.0,15250.0,15.25,1000.0,0.0232
90,186,30220.0,30220.0,30.22,1000.0,0.0134
90,205,44510.0,44510.0,44.51,1000.0,0.0299
90,214,17790.0,17790.0,17.79,1000.0,0.0275
90,238,18600.0,18600.0,18.6,1000.0,0.0097
90,261,47460.0,47460.0,47.46,1000.0,0.028
90,262,20770.0,20770.0,20.77,1000.0,0.0107
90,267,36630.0,36630.0,36.63,1000.0,0.0083
90,275,36970.0,36970.0,36.97,1000.0,0.0197
90,277,9280.0,9280.0,9.28,1000.0,0.0142
91,143,32880.0,32880.0,32.88,1000.0,0.0059
91,155,43950.0,43950.0,43.95,1000.0,0.0114
91,176,27200.0,27200.0,27.2,1000.0,0.0062
91,177,49740.0,49740.0,49.74,1000.0,0.0215
91,209,33020.0,33020.0,33.02,1000.0,0.0055
91,263,34800.0,34800.0,34.8,1000.0,0.0154
92,95,19630.0,19630.0,19.63,1000.0,0.0187
92,106,24250.0,24250.0,24.25,1000.0,0.0088
92,144,35060.0,35060.0,35.06,1000.0,0.0208
92,169,15750.0,15750.0,15.75,1000.0,0.0215
92,191,33460.0,33460.0,33.46,1000.0,0.0117
92,192,30680.0,30680.0,30.68,1000.0,0.0084
92,200,41700.0,41700.0,41.7,1000.0,0.0076
92,212,36220.0,36220.0,36.22,1000.0,0.0079
92,226,6590.0,6590.0,6.59,1000.0,0.0077
92,231,10730.0,10730.0,10.73,1000.0,0.01
92,236,13890.0,13890.0,13.89,1000.0,0.0181
92,280,10880.0,10880.0,10.88,1000.0,0.0226
92,281,15470.0,15470.0,15.47,1000.0,0.006
93,101,25320.0,25320.0,25.32,1000.0,0.0102
93,118,46720.0,46720.0,46.72,1000.0,0.0133
93,135,1130.0,1130.0,1.13,1000.0,0.0218
93,155,45440.0,45440.0,45.44,1000.0,0.0259
93,165,33780.0,33780.0,33.78,1000.0,0.0087
93,170,5410.0,5410.0,5.41,1000.0,0.0178
93,173,36450.0,36450.0,36.45,1000.0,0.0075
93,177,13540.0,13540.0,13.54,1000.0,0.0108
93,178,49440.0,49440.0,49.44,1000.0,0.0124
93,180,23750.0,23750.0,23.75,1000.0,0.0075
93,202,9560.0,9560.0,9.56,1000.0,0.006
93,263,15240.0,15240.0,15.24,1000.0,0.025
93,279,16320.0,16320.0,16.32,1000.0,0.0235
93,292,5650.0,5650.0,5.65,1000.0,0.024
93,295,3250.0,3250.0,3.25,1000.0,0.0263
94,123,33500.0,33500.0,33.5,1000.0,0.0093
94,126,18520.0,18520.0,18.52,1000.0,0.0159
94,138,31470.0,31470.0,31.47,1000.0,0.027
94,179,5550.0,5550.0,5.55,1000.0,0.0254
94,191,9960.0,9960.0,9.96,1000.0,0.015
94,193,48150.0,48150.0,48.15,1000.0,0.0118
94,196,19900.0,19900.0,19.9,1000.0,0.0263
94,203,40200.0,40200.0,40.2,1000.0,0.0212
94,208,40050.0,40050.0,40.05,1000.0,0.0078
94,215,35110.0,35110.0,35.11,1000.0,0.0065
94,253,47180.0,47180.0,47.18,1000.0,0.009
94,255,21390.0,21390.0,21.39,1000.0,0.0198
95,102,40310.0,40310.0,40.31,1000.0,0.022
95,106,9880.0,9880.0,9.88,1000.0,0.0145
95,131,18570.0,18570.0,18.57,1000.0,0.0057
95,144,34540.0,34540.0,34.54,1000.0,0.026
95,169,48700.0,48700.0,48.7,1000.0,0.0083
95,192,46100.0,46100.0,46.1,1000.0,0.0078
95,200,21150.0,21150.0,21.15,1000.0,0.0061
95,212,13820.0,13820.0,13.82,1000.0,0.0129
95,226,35520.0,35520.0,35.52,1000.0,0.0219
95,236,38610.0,38610.0,38.61,1000.0,0.0194
95,248,28690.0,28690.0,28.69,1000.0,0.0294
95,280,33820.0,33820.0,33.82,1000.0,0.0135
95,281,26630.0,26630.0,26.63,1000.0,0.0225
96,104,5670.0,5670.0,5.67,1000.0,0.0215
96,105,13180.0,13180.0,13.18,1000.0,0.0136
96,114,34140.0,34140.0,34.14,1000.0,0.0146
96,129,42110.0,42110.0,42.11,1000.0,0.019
96,153,49400.0,49400.0,49.4,1000.0,0.0064
96,159,32530.0,32530.0,32.53,1000.0,0.0089
96,163,42590.0,42590.0,42.59,1000.0,0.0263
96,168,43600.0,43600.0,43.6,1000.0,0.0069
96,172,25090.0,25090.0,25.09,1000.0,0.011
96,189,48540.0,48540.0,48.54,1000.0,0.0063
96,216,11910.0,11910.0,11.91,1000.0,0.0211
96,218,20760.0,20760.0,20.76,1000.0,0.0109
96,278,23500.0,23500.0,23.5,1000.0,0.025
96,283,22960.0,22960.0,22.96,1000.0,0.0264
96,287,22910.0,22910.0,22.91,1000.0,0.008
96,290,25370.0,25370.0,25.37,1000.0,0.0213
96,296,6030.0,6030.0,6.03,1000.0,0.0153
96,297,28300.0,28300.0,28.3,1000.0,0.005
97,104,5450.0,5450.0,5.45,1000.0,0.0201
97,113,31330.0,31330.0,31.33,1000.0,0.0126
97,121,25910.0,25910.0,25.91,1000.0,0.0102
97,142,33900.0,33900.0,33.9,1000.0,0.0288
97,153,18800.0,18800.0,18.8,1000.0,0.0064
97,163,11920.0,11920.0,11.92,1000.0,0.0164
97,172,28450.0,28450.0,28.45,1000.0,0.0205
97,189,24180.0,24180.0,24.18,1000.0,0.0214
97,201,36080.0,36080.0,36.08,1000.0,0.0079
97,219,38210.0,38210.0,38.21,1000.0,0.0105
97,237,17730.0,17730.0,17.73,1000.0,0.0257
97,241,48260.0,48260.0,48.26,1000.0,0.0123
97,243,26580.0,26580.0,26.58,1000.0,0.0226
97,289,3240.0,3240.0,3.24,1000.0,0.0091
97,297,7880.0,7880.0,7.88,1000.0,0.0229
98,103,36360.0,36360.0,36.36,1000.0,0.0077
98,134,30930.0,30930.0,30.93,1000.0,0.0097
98,148,46580.0,46580.0,46.58,1000.0,0.0148
98,213,23400.0,23400.0,23.4,1000.0,0.0245
98,217,36120.0,36120.0,36.12,1000.0,0.0077
98,232,21310.0,21310.0,21.31,1000.0,0.0282
98,246,42040.0,42040.0,42.04,1000.0,0.0197
98,249,38840.0,38840.0,38.84,1000.0,0.0163
98,250,33260.0,33260.0,33.26,1000.0,0.0289
99,100,7600.0,7600.0,7.6,1000.0,0.0175
99,130,26990.0,26990.0,26.99,1000.0,0.0062
99,167,46830.0,46830.0,46.83,1000.0,0.026
99,225,24660.0,24660.0,24.66,1000.0,0.0177
100,107,46140.0,46140.0,46.14,1000.0,0.0094
100,127,29350.0,29350.0,29.35,1000.0,0.0233
100,130,7290.0,7290.0,7.29,1000.0,0.0147
100,160,30430.0,30430.0,30.43,1000.0,0.0271
100,167,25700.0,25700.0,25.7,1000.0,0.0146
100,242,49000.0,49000.0,49.0,1000.0,0.0279
101,118,38360.0,38360.0,38.36,1000.0,0.0118
101,135,48220.0,48220.0,48.22,1000.0,0.0293
101,140,23190.0,23190.0,23.19,1000.0,0.0083
101,143,21220.0,21220.0,21.22,1000.0,0.0225
101,155,37670.0,37670.0,37.67,1000.0,0.0125
101,165,35370.0,35370.0,35.37,1000.0,0.0265
101,166,35880.0,35880.0,35.88,1000.0,0.0284
101,170,32000.0,32000.0,32.0,1000.0,0.01
101,176,31580.0,31580.0,31.58,1000.0,0.0123
101,177,17920.0,17920.0,17.92,1000.0,0.0218
101,202,49090.0,49090.0,49.09,1000.0,0.0213
101,209,47960.0,47960.0,47.96,1000.0,0.0176
101,263,35020.0,35020.0,35.02,1000.0,0.0131
101,269,6650.0,6650.0,6.65,1000.0,0.0138
101,291,24540.0,24540.0,24.54,1000.0,0.0193
101,292,33690.0,33690.0,33.69,1000.0,0.0154
101,295,37650.0,37650.0,37.65,1000.0,0.026
102,131,15010.0,15010.0,15.01,1000.0,0.0262
102,144,40610.0,40610.0,40.61,1000.0,0.0181
102,169,2240.0,2240.0,2.24,1000.0,0.0086
102,192,33840.0,33840.0,33.84,1000.0,0.01
102,200,37760.0,37760.0,37.76,1000.0,0.009
102,212,15040.0,15040.0,15.04,1000.0,0.0113
102,226,42130.0,42130.0,42.13,1000.0,0.0223
102,232,15460.0,15460.0,15.46,1000.0,0.0238
102,236,2580.0,2580.0,2.58,1000.0,0.0254
102,248,6020.0,6020.0,6.02,1000.0,0.0267
102,249,37240.0,37240.0,37.24,1000.0,0.0266
102,266,37380.0,37380.0,37.38,1000.0,0.019
102,281,12640.0,12640.0,12.64,1000.0,0.0246
103,131,40140.0,40140.0,40.14,1000.0,0.0122
103,148,33560.0,33560.0,33.56,1000.0,0.0282
103,187,19990.0,19990.0,19.99,1000.0,0.0289
103,217,48820.0,48820.0,48.82,1000.0,0.0128
103,236,28050.0,28050.0,28.05,1000.0,0.0053
103,240,13320.0,13320.0,13.32,1000.0,0.0205
103,246,39270.0,39270.0,39.27,1000.0,0.0268
103,248,41670.0,41670.0,41.67,1000.0,0.0278
103,249,35530.0,35530.0,35.53,1000.0,0.0212
103,294,38000.0,38000.0,38.0,1000.0,0.0187
104,129,30570.0,30570.0,30.57,1000.0,0.0244
104,142,48250.0,48250.0,48.25,1000.0,0.0124
104,153,9690.0,9690.0,9.69,1000.0,0.0221
104,163,10160.0,10160.0,10.16,1000.0,0.0093
104,172,26180.0,26180.0,26.18,1000.0,0.0144
104,201,22000.0,22000.0,22.0,1000.0,0.0189
104,237,7370.0,7370.0,7.37,1000.0,0.0196
104,297,13500.0,13500.0,13.5,1000.0,0.0133
105,122,35770.0,35770.0,35.77,1000.0,0.0089
105,125,8530.0,8530.0,8.53,1000.0,0.0131
105,129,3490.0,3490.0,3.49,1000.0,0.0283
105,153,31160.0,31160.0,31.16,1000.0,0.0215
105,168,25040.0,25040.0,25.04,1000.0,0.0193
105,172,18550.0,18550.0,18.55,1000.0,0.0246
105,183,16580.0,16580.0,16.58,1000.0,0.0105
105,189,10010.0,10010.0,10.01,1000.0,0.0067
105,211,25750.0,25750.0,25.75,1000.0,0.0154
105,218,27310.0,27310.0,27.31,1000.0,0.0073
105,227,11840.0,11840.0,11.84,1000.0,0.0103
105,233,17260.0,17260.0,17.26,1000.0,0.014
105,241,11700.0,11700.0,11.7,1000.0,0.0238
105,247,26990.0,26990.0,26.99,1000.0,0.0299
105,272,41360.0,41360.0,41.36,1000.0,0.0295
105,287,1430.0,1430.0,1.43,1000.0,0.0217
105,290,22840.0,22840.0,22.84,1000.0,0.0276
105,296,31070.0,31070.0,31.07,1000.0,0.0205
105,297,47990.0,47990.0,47.99,1000.0,0.0221
106,144,16730.0,16730.0,16.73,1000.0,0.0279
106,169,47300.0,47300.0,47.3,1000.0,0.0146
106,191,27470.0,27470.0,27.47,1000.0,0.0121
106,192,45660.0,45660.0,45.66,1000.0,0.0256
106,235,19370.0,19370.0,19.37,1000.0,0.0251
106,280,22830.0,22830.0,22.83,1000.0,0.0061
106,281,45020.0,45020.0,45.02,1000.0,0.0098
106,288,26180.0,26180.0,26.18,1000.0,0.0287
107,127,9200.0,9200.0,9.2,1000.0,0.0289
107,130,27360.0,27360.0,27.36,1000.0,0.0052
107,160,4210.0,4210.0,4.21,1000.0,0.0218
107,242,38910.0,38910.0,38.91,1000.0,0.0266
107,270,21790.0,21790.0,21.79,1000.0,0.0076
108,111,27350.0,27350.0,27.35,1000.0,0.0226
108,113,48830.0,48830.0,48.83,1000.0,0.0244
108,116,32680.0,32680.0,32.68,1000.0,0.0285
108,119,37600.0,37600.0,37.6,1000.0,0.0088
108,185,23500.0,23500.0,23.5,1000.0,0.0133
108,219,5290.0,5290.0,5.29,1000.0,0.0064
108,238,39920.0,39920.0,39.92,1000.0,0.019
108,243,29170.0,29170.0,29.17,1000.0,0.0107
108,244,13670.0,13670.0,13.67,1000.0,0.0147
108,261,31880.0,31880.0,31.88,1000.0,0.0158
108,262,1830.0,1830.0,1.83,1000.0,0.0218
108,284,27210.0,27210.0,27.21,1000.0,0.021
108,289,31300.0,31300.0,31.3,1000.0,0.0239
108,293,29690.0,29690.0,29.69,1000.0,0.0225
109,115,4560.0,4560.0,4.56,1000.0,0.0282
109,123,6200.0,6200.0,6.2,1000.0,0.0247
109,128,15770.0,15770.0,15.77,1000.0,0.0072
109,179,38500.0,38500.0,38.5,1000.0,0.0159
109,193,20360.0,20360.0,20.36,1000.0,0.0215
109,215,24230.0,24230.0,24.23,1000.0,0.0183
109,230,7680.0,7680.0,7.68,1000.0,0.0148
109,231,40080.0,40080.0,40.08,1000.0,0.0186
109,245,48050.0,48050.0,48.05,1000.0,0.0086
109,254,34190.0,34190.0,34.19,1000.0,0.0279
109,255,39960.0,39960.0,39.96,1000.0,0.0232
110,150,19280.0,19280.0,19.28,1000.0,0.0287
110,151,28120.0,28120.0,28.12,1000.0,0.0189
110,175,7040.0,7040.0,7.04,1000.0,0.0051
110,194,30240.0,30240.0,30.24,1000.0,0.0184
110,195,47400.0,47400.0,47.4,1000.0,0.0126
110,222,37670.0,37670.0,37.67,1000.0,0.0276
110,224,17850.0,17850.0,17.85,1000.0,0.0153
110,277,32650.0,32650.0,32.65,1000.0,0.0178
111,113,8890.0,8890.0,8.89,1000.0,0.0105
111,116,41900.0,41900.0,41.9,1000.0,0.0099
111,119,9890.0,9890.0,9.89,1000.0,0.025
111,185,42760.0,42760.0,42.76,1000.0,0.0263
111,219,46690.0,46690.0,46.69,1000.0,0.0299
111,238,23600.0,23600.0,23.6,1000.0,0.0187
111,243,15240.0,15240.0,15.24,1000.0,0.0067
111,244,5810.0,5810.0,5.81,1000.0,0.0231
111,261,24870.0,24870.0,24.87,1000.0,0.0133
111,262,7280.0,7280.0,7.28,1000.0,0.0214
111,284,5900.0,5900.0,5.9,1000.0,0.0205
111,289,45110.0,45110.0,45.11,1000.0,0.0129
112,126,23080.0,23080.0,23.08,1000.0,0.0204
112,138,15980.0,15980.0,15.98,1000.0,0.0196
112,203,28710.0,28710.0,28.71,1000.0,0.0141
112,252,16500.0,16500.0,16.5,1000.0,0.0157
112,253,1240.0,1240.0,1.24,1000.0,0.0112
112,259,11850.0,11850.0,11.85,1000.0,0.0235
112,265,22370.0,22370.0,22.37,1000.0,0.026
112,268,7580.0,7580.0,7.58,1000.0,0.0233
113,121,44020.0,44020.0,44.02,1000.0,0.0166
113,142,18580.0,18580.0,18.58,1000.0,0.0126
113,185,28030.0,28030.0,28.03,1000.0,0.0094
113,201,30720.0,30720.0,30.72,1000.0,0.026
113,219,43080.0,43080.0,43.08,1000.0,0.0085
113,221,27390.0,27390.0,27.39,1000.0,0.0116
113,237,44430.0,44430.0,44.43,1000.0,0.0069
113,243,4690.0,4690.0,4.69,1000.0,0.0055
113,284,25850.0,25850.0,25.85,1000.0,0.0058
113,289,29510.0,29510.0,29.51,1000.0,0.0151
114,129,29910.0,29910.0,29.91,1000.0,0.0277
114,149,28030.0,28030.0,28.03,1000.0,0.0186
114,159,49940.0,49940.0,49.94,1000.0,0.0168
114,216,38980.0,38980.0,38.98,1000.0,0.0141
114,218,11940.0,11940.0,11.94,1000.0,0.0243
114,278,36930.0,36930.0,36.93,1000.0,0.0123
114,283,23770.0,23770.0,23.77,1000.0,0.0178
114,299,20440.0,20440.0,20.44,1000.0,0.0176
115,128,33470.0,33470.0,33.47,1000.0,0.0262
115,137,40520.0,40520.0,40.52,1000.0,0.0204
115,152,9130.0,9130.0,9.13,1000.0,0.0179
115,171,22860.0,22860.0,22.86,1000.0,0.0095
115,197,47490.0,47490.0,47.49,1000.0,0.0215
115,230,48420.0,48420.0,48.42,1000.0,0.0234
115,245,24690.0,24690.0,24.69,1000.0,0.014
115,264,11720.0,11720.0,11.72,1000.0,0.0172
116,119,4080.0,4080.0,4.08,1000.0,0.0142
116,185,3100.0,3100.0,3.1,1000.0,0.0102
116,186,45480.0,45480.0,45.48,1000.0,0.014
116,238,24010.0,24010.0,24.01,1000.0,0.0164
116,244,3280.0,3280.0,3.28,1000.0,0.0295
116,261,16880.0,16880.0,16.88,1000.0,0.0226
116,262,26550.0,26550.0,26.55,1000.0,0.0257
116,267,41910.0,41910.0,41.91,1000.0,0.0116
116,275,27670.0,27670.0,27.67,1000.0,0.0093
116,293,33030.0,33030.0,33.03,1000.0,0.0141
117,131,33010.0,33010.0,33.01,1000.0,0.0259
117,137,26320.0,26320.0,26.32,1000.0,0.0144
117,152,45450.0,45450.0,45.45,1000.0,0.0179
117,156,18290.0,18290.0,18.29,1000.0,0.0267
117,187,24860.0,24860.0,24.86,1000.0,0.0171
117,207,30610.0,30610.0,30.61,1000.0,0.0175
117,245,7810.0,7810.0,7.81,1000.0,0.0091
117,258,4780.0,4780.0,4.78,1000.0,0.0211
118,135,11360.0,11360.0,11.36,1000.0,0.0097
118,155,18750.0,18750.0,18.75,1000.0,0.0229
118,165,6800.0,6800.0,6.8,1000.0,0.0108
118,170,40750.0,40750.0,40.75,1000.0,0.023
118,173,24590.0,24590.0,24.59,1000.0,0.017
118,176,11320.0,11320.0,11.32,1000.0,0.009
118,177,41830.0,41830.0,41.83,1000.0,0.0056
118,178,3110.0,3110.0,3.11,1000.0,0.0193
118,202,8900.0,8900.0,8.9,1000.0,0.0207
118,263,2920.0,2920.0,2.92,1000.0,0.0193
118,279,3740.0,3740.0,3.74,1000.0,0.0115
118,292,9820.0,9820.0,9.82,1000.0,0.029
118,295,30370.0,30370.0,30.37,1000.0,0.0191
119,181,1910.0,1910.0,1.91,1000.0,0.023
119,185,33430.0,33430.0,33.43,1000.0,0.0121
119,238,5200.0,5200.0,5.2,1000.0,0.0162
119,244,49650.0,49650.0,49.65,1000.0,0.0267
119,262,9360.0,9360.0,9.36,1000.0,0.0258
119,275,30440.0,30440.0,30.44,1000.0,0.0249
119,288,41200.0,41200.0,41.2,1000.0,0.0095
119,293,33320.0,33320.0,33.32,1000.0,0.0116
120,139,36490.0,36490.0,36.49,1000.0,0.0136
120,158,23220.0,23220.0,23.22,1000.0,0.0198
120,182,12260.0,12260.0,12.26,1000.0,0.0146
120,196,6320.0,6320.0,6.32,1000.0,0.0101
120,198,43120.0,43120.0,43.12,1000.0,0.0176
120,210,21570.0,21570.0,21.57,1000.0,0.0087
120,235,5720.0,5720.0,5.72,1000.0,0.0169
120,244,31120.0,31120.0,31.12,1000.0,0.006
120,247,39410.0,39410.0,39.41,1000.0,0.0176
120,251,6760.0,6760.0,6.76,1000.0,0.0171
120,272,7390.0,7390.0,7.39,1000.0,0.0201
120,289,41550.0,41550.0,41.55,1000.0,0.0274
120,293,38970.0,38970.0,38.97,1000.0,0.0212
121,133,26580.0,26580.0,26.58,1000.0,0.0143
121,136,3130.0,3130.0,3.13,1000.0,0.0182
121,142,12240.0,12240.0,12.24,1000.0,0.0251
121,201,39690.0,39690.0,39.69,1000.0,0.0145
121,219,29860.0,29860.0,29.86,1000.0,0.0235
121,221,38320.0,38320.0,38.32,1000.0,0.0224
121,237,5790.0,5790.0,5.79,1000.0,0.0083
122,125,24380.0,24380.0,24.38,1000.0,0.0108
122,139,43090.0,43090.0,43.09,1000.0,0.0121
122,168,43960.0,43960.0,43.96,1000.0,0.0152
122,183,10260.0,10260.0,10.26,1000.0,0.0227
122,211,39680.0,39680.0,39.68,1000.0,0.0194
122,218,6770.0,6770.0,6.77,1000.0,0.0052
122,227,33070.0,33070.0,33.07,1000.0,0.0222
122,233,16480.0,16480.0,16.48,1000.0,0.0141
122,247,8580.0,8580.0,8.58,1000.0,0.0213
122,265,13430.0,13430.0,13.43,1000.0,0.0264
122,268,21750.0,21750.0,21.75,1000.0,0.0141
122,272,14500.0,14500.0,14.5,1000.0,0.022
122,276,37990.0,37990.0,37.99,1000.0,0.0153
122,287,39410.0,39410.0,39.41,1000.0,0.0171
122,290,19140.0,19140.0,19.14,1000.0,0.0189
122,296,13440.0,13440.0,13.44,1000.0,0.0127
123,179,17870.0,17870.0,17.87,1000.0,0.0226
123,191,37050.0,37050.0,37.05,1000.0,0.0264
123,193,33300.0,33300.0,33.3,1000.0,0.0237
123,208,22880.0,22880.0,22.88,1000.0,0.0225
123,215,8930.0,8930.0,8.93,1000.0,0.0104
123,231,20630.0,20630.0,20.63,1000.0,0.0135
123,253,27980.0,27980.0,27.98,1000.0,0.0224
123,255,35630.0,35630.0,35.63,1000.0,0.009
124,135,48260.0,48260.0,48.26,1000.0,0.0051
124,140,5460.0,5460.0,5.46,1000.0,0.0086
124,141,46370.0,46370.0,46.37,1000.0,0.0159
124,146,4140.0,4140.0,4.14,1000.0,0.0105
124,165,4920.0,4920.0,4.92,1000.0,0.0059
124,170,19830.0,19830.0,19.83,1000.0,0.0296
124,174,31080.0,31080.0,31.08,1000.0,0.018
124,180,35870.0,35870.0,35.87,1000.0,0.0199
124,188,47340.0,47340.0,47.34,1000.0,0.0255
124,190,32370.0,32370.0,32.37,1000.0,0.016
124,204,10880.0,10880.0,10.88,1000.0,0.0214
124,206,40390.0,40390.0,40.39,1000.0,0.0122
124,229,2650.0,2650.0,2.65,1000.0,0.02
124,256,26270.0,26270.0,26.27,1000.0,0.0108
124,266,9300.0,9300.0,9.3,1000.0,0.0059
124,279,12720.0,12720.0,12.72,1000.0,0.005
124,285,8710.0,8710.0,8.71,1000.0,0.0299
124,298,39200.0,39200.0,39.2,1000.0,0.0138
125,153,20360.0,20360.0,20.36,1000.0,0.0197
125,168,26370.0,26370.0,26.37,1000.0,0.0234
125,172,4360.0,4360.0,4.36,1000.0,0.0073
125,183,14940.0,14940.0,14.94,1000.0,0.0257
125,189,45840.0,45840.0,45.84,1000.0,0.0137
125,211,48200.0,48200.0,48.2,1000.0,0.0119
125,218,30710.0,30710.0,30.71,1000.0,0.0099
125,219,46560.0,46560.0,46.56,1000.0,0.0194
125,227,13790.0,13790.0,13.79,1000.0,0.0152
125,233,6220.0,6220.0,6.22,1000.0,0.0068
125,241,15420.0,15420.0,15.42,1000.0,0.0287
125,243,40340.0,40340.0,40.34,1000.0,0.0289
125,247,43930.0,43930.0,43.93,1000.0,0.0253
125,272,29170.0,29170.0,29.17,1000.0,0.0224
125,287,48340.0,48340.0,48.34,1000.0,0.0191
125,289,38730.0,38730.0,38.73,1000.0,0.0239
125,290,48100.0,48100.0,48.1,1000.0,0.0165
125,296,23580.0,23580.0,23.58,1000.0,0.0197
125,297,2340.0,2340.0,2.34,1000.0,0.0079
126,138,4310.0,4310.0,4.31,1000.0,0.0208
126,179,49720.0,49720.0,49.72,1000.0,0.0219
126,193,12270.0,12270.0,12.27,1000.0,0.0129
126,203,47820.0,47820.0,47.82,1000.0,0.0179
126,215,1480.0,1480.0,1.48,1000.0,0.0258
126,253,13160.0,13160.0,13.16,1000.0,0.0073
126,254,34010.0,34010.0,34.01,1000.0,0.0255
126,259,4730.0,4730.0,4.73,1000.0,0.0283
127,160,24350.0,24350.0,24.35,1000.0,0.0138
128,137,44820.0,44820.0,44.82,1000.0,0.0117
128,152,47410.0,47410.0,47.41,1000.0,0.0221
128,171,45590.0,45590.0,45.59,1000.0,0.0175
128,197,10780.0,10780.0,10.78,1000.0,0.0234
128,230,43760.0,43760.0,43.76,1000.0,0.0102
128,245,10940.0,10940.0,10.94,1000.0,0.0112
128,264,31310.0,31310.0,31.31,1000.0,0.0089
129,153,6230.0,6230.0,6.23,1000.0,0.028
129,159,34110.0,34110.0,34.11,1000.0,0.0216
129,163,31080.0,31080.0,31.08,1000.0,0.0241
129,168,27530.0,27530.0,27.53,1000.0,0.0061
129,172,24630.0,24630.0,24.63,1000.0,0.0205
129,189,25120.0,25120.0,25.12,1000.0,0.0296
129,216,44950.0,44950.0,44.95,1000.0,0.0267
129,218,25050.0,25050.0,25.05,1000.0,0.0296
129,287,45880.0,45880.0,45.88,1000.0,0.012
129,290,11880.0,11880.0,11.88,1000.0,0.0194
129,296,3650.0,3650.0,3.65,1000.0,0.025
129,297,24440.0,24440.0,24.44,1000.0,0.0185
130,154,25620.0,25620.0,25.62,1000.0,0.0148
130,157,34630.0,34630.0,34.63,1000.0,0.0094
130,160,48850.0,48850.0,48.85,1000.0,0.0225
130,161,23540.0,23540.0,23.54,1000.0,0.0222
130,164,1580.0,1580.0,1.58,1000.0,0.0103
130,167,29470.0,29470.0,29.47,1000.0,0.0131
130,205,31030.0,31030.0,31.03,1000.0,0.0115
130,225,27880.0,27880.0,27.88,1000.0,0.0109
130,239,24100.0,24100.0,24.1,1000.0,0.0203
130,242,18930.0,18930.0,18.93,1000.0,0.0175
130,257,11320.0,11320.0,11.32,1000.0,0.0225
130,270,19240.0,19240.0,19.24,1000.0,0.0264
130,282,14700.0,14700.0,14.7,1000.0,0.0095
131,144,7430.0,7430.0,7.43,1000.0,0.0194
131,156,12200.0,12200.0,12.2,1000.0,0.0075
131,187,14230.0,14230.0,14.23,1000.0,0.0109
131,192,22180.0,22180.0,22.18,1000.0,0.0145
131,200,8150.0,8150.0,8.15,1000.0,0.029
131,226,8330.0,8330.0,8.33,1000.0,0.0251
131,236,9650.0,9650.0,9.65,1000.0,0.0175
131,246,49780.0,49780.0,49.78,1000.0,0.0262
131,248,26330.0,26330.0,26.33,1000.0,0.023
131,249,39480.0,39480.0,39.48,1000.0,0.0125
131,258,28540.0,28540.0,28.54,1000.0,0.0192
131,294,20520.0,20520.0,20.52,1000.0,0.0223
132,151,3940.0,3940.0,3.94,1000.0,0.0253
132,186,24350.0,24350.0,24.35,1000.0,0.0207
132,194,23040.0,23040.0,23.04,1000.0,0.0134
132,195,18690.0,18690.0,18.69,1000.0,0.019
132,205,46660.0,46660.0,46.66,1000.0,0.0114
132,214,1970.0,1970.0,1.97,1000.0,0.008
132,222,43500.0,43500.0,43.5,1000.0,0.0291
132,225,10750.0,10750.0,10.75,1000.0,0.0194
132,239,32810.0,32810.0,32.81,1000.0,0.0094
132,267,39240.0,39240.0,39.24,1000.0,0.0139
132,277,33990.0,33990.0,33.99,1000.0,0.0172
132,282,37090.0,37090.0,37.09,1000.0,0.0272
133,136,19670.0,19670.0,19.67,1000.0,0.0122
133,142,31950.0,31950.0,31.95,1000.0,0.0086
133,220,9210.0,9210.0,9.21,1000.0,0.0252
133,221,17530.0,17530.0,17.53,1000.0,0.0208
133,286,29010.0,29010.0,29.01,1000.0,0.0262
134,213,4500.0,4500.0,4.5,1000.0,0.009
134,217,12180.0,12180.0,12.18,1000.0,0.0129
134,234,15280.0,15280.0,15.28,1000.0,0.0117
134,250,32590.0,32590.0,32.59,1000.0,0.0118
134,269,22800.0,22800.0,22.8,1000.0,0.0266
134,274,18800.0,18800.0,18.8,1000.0,0.0197
135,140,48310.0,48310.0,48.31,1000.0,0.0153
135,155,10010.0,10010.0,10.01,1000.0,0.0056
135,165,36660.0,36660.0,36.66,1000.0,0.0216
135,170,47080.0,47080.0,47.08,1000.0,0.0225
135,178,4920.0,4920.0,4.92,1000.0,0.0092
135,180,6050.0,6050.0,6.05,1000.0,0.0066
135,190,44060.0,44060.0,44.06,1000.0,0.0187
135,202,2290.0,2290.0,2.29,1000.0,0.0149
135,256,38480.0,38480.0,38.48,1000.0,0.0071
135,279,13860.0,13860.0,13.86,1000.0,0.0089
135,292,33090.0,33090.0,33.09,1000.0,0.0271
135,295,16160.0,16160.0,16.16,1000.0,0.0112
135,298,14920.0,14920.0,14.92,1000.0,0.0207
136,157,7430.0,7430.0,7.43,1000.0,0.026
136,220,2400.0,2400.0,2.4,1000.0,0.0216
136,221,43160.0,43160.0,43.16,1000.0,0.0131
136,257,24330.0,24330.0,24.33,1000.0,0.0294
136,284,27490.0,27490.0,27.49,1000.0,0.0118
136,286,22800.0,22800.0,22.8,1000.0,0.0292
137,152,35180.0,35180.0,35.18,1000.0,0.0094
137,156,30280.0,30280.0,30.28,1000.0,0.0208
137,171,32160.0,32160.0,32.16,1000.0,0.0191
137,207,26650.0,26650.0,26.65,1000.0,0.021
137,245,16170.0,16170.0,16.17,1000.0,0.0137
137,258,27440.0,27440.0,27.44,1000.0,0.0251
137,264,22650.0,22650.0,22.65,1000.0,0.0141
137,271,13730.0,13730.0,13.73,1000.0,0.0126
138,179,1000.0,1000.0,1.0,1000.0,0.0254
138,193,42550.0,42550.0,42.55,1000.0,0.0136
138,203,23990.0,23990.0,23.99,1000.0,0.0052
138,215,46180.0,46180.0,46.18,1000.0,0.0287
138,252,24380.0,24380.0,24.38,1000.0,0.0052
138,253,22090.0,22090.0,22.09,1000.0,0.0123
138,259,12330.0,12330.0,12.33,1000.0,0.0052
138,265,19310.0,19310.0,19.31,1000.0,0.0153
138,268,28470.0,28470.0,28.47,1000.0,0.0149
139,158,9000.0,9000.0,9.0,1000.0,0.0234
139,182,20100.0,20100.0,20.1,1000.0,0.0145
139,183,13890.0,13890.0,13.89,1000.0,0.0156
139,196,12740.0,12740.0,12.74,1000.0,0.0241
139,208,45590.0,45590.0,45.59,1000.0,0.0252
139,210,34550.0,34550.0,34.55,1000.0,0.0121
139,211,37400.0,37400.0,37.4,1000.0,0.0252
139,227,21230.0,21230.0,21.23,1000.0,0.0263
139,233,9940.0,9940.0,9.94,1000.0,0.0122
139,235,32210.0,32210.0,32.21,1000.0,0.0204
139,247,14330.0,14330.0,14.33,1000.0,0.0206
139,251,10200.0,10200.0,10.2,1000.0,0.0055
139,268,3430.0,3430.0,3.43,1000.0,0.0184
139,272,10110.0,10110.0,10.11,1000.0,0.0076
140,141,14190.0,14190.0,14.19,1000.0,0.0229
140,146,36630.0,36630.0,36.63,1000.0,0.0108
140,165,8380.0,8380.0,8.38,1000.0,0.0173
140,166,17750.0,17750.0,17.75,1000.0,0.0128
140,170,40170.0,40170.0,40.17,1000.0,0.0299
140,180,23720.0,23720.0,23.72,1000.0,0.0248
140,188,17180.0,17180.0,17.18,1000.0,0.0261
140,190,47630.0,47630.0,47.63,1000.0,0.0064
140,202,39010.0,39010.0,39.01,1000.0,0.0068
140,206,24040.0,24040.0,24.04,1000.0,0.0098
140,229,42240.0,42240.0,42.24,1000.0,0.0254
140,234,41580.0,41580.0,41.58,1000.0,0.008
140,269,38640.0,38640.0,38.64,1000.0,0.0112
140,274,38790.0,38790.0,38.79,1000.0,0.0161
140,295,37140.0,37140.0,37.14,1000.0,0.0058
140,298,23580.0,23580.0,23.58,1000.0,0.0243
141,146,26540.0,26540.0,26.54,1000.0,0.0296
141,174,24170.0,24170.0,24.17,1000.0,0.022
141,180,16290.0,16290.0,16.29,1000.0,0.0131
141,188,31830.0,31830.0,31.83,1000.0,0.0061
141,190,46930.0,46930.0,46.93,1000.0,0.018
141,204,13410.0,13410.0,13.41,1000.0,0.021
141,206,10740.0,10740.0,10.74,1000.0,0.0272
141,212,43320.0,43320.0,43.32,1000.0,0.0104
141,229,6530.0,6530.0,6.53,1000.0,0.0208
141,266,16900.0,16900.0,16.9,1000.0,0.0092
141,281,14530.0,14530.0,14.53,1000.0,0.008
141,298,39670.0,39670.0,39.67,1000.0,0.0052
142,201,3060.0,3060.0,3.06,1000.0,0.0246
142,219,24290.0,24290.0,24.29,1000.0,0.0199
142,221,19200.0,19200.0,19.2,1000.0,0.0072
142,237,8730.0,8730.0,8.73,1000.0,0.0073
143,155,31310.0,31310.0,31.31,1000.0,0.0283
143,166,49850.0,49850.0,49.85,1000.0,0.0206
143,170,3930.0,3930.0,3.93,1000.0,0.0211
143,176,35370.0,35370.0,35.37,1000.0,0.0248
143,202,7170.0,7170.0,7.17,1000.0,0.0108
143,209,49100.0,49100.0,49.1,1000.0,0.0247
143,234,38080.0,38080.0,38.08,1000.0,0.0251
143,263,22500.0,22500.0,22.5,1000.0,0.0098
143,269,34770.0,34770.0,34.77,1000.0,0.014
143,274,7600.0,7600.0,7.6,1000.0,0.0275
143,291,24780.0,24780.0,24.78,1000.0,0.0159
143,295,15440.0,15440.0,15.44,1000.0,0.0224
144,169,10300.0,10300.0,10.3,1000.0,0.0097
144,192,18040.0,18040.0,18.04,1000.0,0.0233
144,200,14490.0,14490.0,14.49,1000.0,0.0258
144,212,45810.0,45810.0,45.81,1000.0,0.0189
144,226,4370.0,4370.0,4.37,1000.0,0.0089
144,236,15490.0,15490.0,15.49,1000.0,0.0116
144,248,18990.0,18990.0,18.99,1000.0,0.005
144,280,32260.0,32260.0,32.26,1000.0,0.0145
144,281,10090.0,10090.0,10.09,1000.0,0.0055
145,149,42980.0,42980.0,42.98,1000.0,0.0244
145,162,12700.0,12700.0,12.7,1000.0,0.023
145,252,33260.0,33260.0,33.26,1000.0,0.0185
145,276,19990.0,19990.0,19.99,1000.0,0.0181
146,174,25380.0,25380.0,25.38,1000.0,0.0188
146,180,31040.0,31040.0,31.04,1000.0,0.0131
146,188,32400.0,32400.0,32.4,1000.0,0.0078
146,190,26640.0,26640.0,26.64,1000.0,0.0067
146,204,41920.0,41920.0,41.92,1000.0,0.0082
146,206,43800.0,43800.0,43.8,1000.0,0.0101
146,212,24780.0,24780.0,24.78,1000.0,0.0075
146,229,28980.0,28980.0,28.98,1000.0,0.0259
146,266,33240.0,33240.0,33.24,1000.0,0.0181
146,298,35360.0,35360.0,35.36,1000.0,0.0114
147,151,18950.0,18950.0,18.95,1000.0,0.0201
147,181,4470.0,4470.0,4.47,1000.0,0.0283
147,186,11230.0,11230.0,11.23,1000.0,0.0173
147,199,44600.0,44600.0,44.6,1000.0,0.007
147,223,40250.0,40250.0,40.25,1000.0,0.0065
147,224,28340.0,28340.0,28.34,1000.0,0.0285
147,228,21380.0,21380.0,21.38,1000.0,0.0142
147,275,35710.0,35710.0,35.71,1000.0,0.0256
147,277,14020.0,14020.0,14.02,1000.0,0.006
147,285,4450.0,4450.0,4.45,1000.0,0.0126
148,187,47290.0,47290.0,47.29,1000.0,0.029
148,217,5760.0,5760.0,5.76,1000.0,0.0231
148,240,27050.0,27050.0,27.05,1000.0,0.0097
148,246,26780.0,26780.0,26.78,1000.0,0.0112
148,249,31640.0,31640.0,31.64,1000.0,0.0095
148,294,37710.0,37710.0,37.71,1000.0,0.0154
149,159,6170.0,6170.0,6.17,1000.0,0.021
149,184,18540.0,18540.0,18.54,1000.0,0.0165
149,216,33600.0,33600.0,33.6,1000.0,0.0271
149,276,9170.0,9170.0,9.17,1000.0,0.0095
149,278,20680.0,20680.0,20.68,1000.0,0.0134
149,283,8750.0,8750.0,8.75,1000.0,0.03
149,299,22710.0,22710.0,22.71,1000.0,0.0138
150,151,16440.0,16440.0,16.44,1000.0,0.0298
150,175,16910.0,16910.0,16.91,1000.0,0.0143
150,194,38450.0,38450.0,38.45,1000.0,0.0158
150,195,36570.0,36570.0,36.57,1000.0,0.0202
150,222,28590.0,28590.0,28.59,1000.0,0.0103
150,224,38520.0,38520.0,38.52,1000.0,0.0282
150,228,13450.0,13450.0,13.45,1000.0,0.029
150,277,22930.0,22930.0,22.93,1000.0,0.0149
151,186,36590.0,36590.0,36.59,1000.0,0.0296
151,194,30190.0,30190.0,30.19,1000.0,0.0179
151,195,49680.0,49680.0,49.68,1000.0,0.0125
151,222,15720.0,15720.0,15.72,1000.0,0.0105
151,223,42930.0,42930.0,42.93,1000.0,0.0055
151,224,41280.0,41280.0,41.28,1000.0,0.0222
151,228,14520.0,14520.0,14.52,1000.0,0.0188
151,277,28260.0,28260.0,28.26,1000.0,0.0281
152,156,8580.0,8580.0,8.58,1000.0,0.0059
152,171,18430.0,18430.0,18.43,1000.0,0.0085
152,207,18990.0,18990.0,18.99,1000.0,0.0196
152,245,12420.0,12420.0,12.42,1000.0,0.0253
152,258,5500.0,5500.0,5.5,1000.0,0.015
152,264,45980.0,45980.0,45.98,1000.0,0.0234
152,271,36460.0,36460.0,36.46,1000.0,0.0248
153,163,9470.0,9470.0,9.47,1000.0,0.0256
153,168,34790.0,34790.0,34.79,1000.0,0.0194
153,172,45480.0,45480.0,45.48,1000.0,0.0199
153,189,15720.0,15720.0,15.72,1000.0,0.0233
153,216,29240.0,29240.0,29.24,1000.0,0.007
153,218,3740.0,3740.0,3.74,1000.0,0.0243
153,237,18050.0,18050.0,18.05,1000.0,0.0254
153,287,21410.0,21410.0,21.41,1000.0,0.0267
153,290,43620.0,43620.0,43.62,1000.0,0.0107
153,296,32990.0,32990.0,32.99,1000.0,0.0201
153,297,1560.0,1560.0,1.56,1000.0,0.0244
154,157,19740.0,19740.0,19.74,1000.0,0.0126
154,160,3020.0,3020.0,3.02,1000.0,0.0185
154,161,8330.0,8330.0,8.33,1000.0,0.0176
154,164,11820.0,11820.0,11.82,1000.0,0.0063
154,167,36850.0,36850.0,36.85,1000.0,0.0148
154,205,22840.0,22840.0,22.84,1000.0,0.0199
154,214,25730.0,25730.0,25.73,1000.0,0.0106
154,239,15200.0,15200.0,15.2,1000.0,0.0149
154,242,7480.0,7480.0,7.48,1000.0,0.0071
154,257,29000.0,29000.0,29.0,1000.0,0.0062
154,267,20560.0,20560.0,20.56,1000.0,0.0071
154,270,25590.0,25590.0,25.59,1000.0,0.0243
154,282,7390.0,7390.0,7.39,1000.0,0.0084
154,286,28410.0,28410.0,28.41,1000.0,0.0172
155,165,32960.0,32960.0,32.96,1000.0,0.0099
155,170,31180.0,31180.0,31.18,1000.0,0.0234
155,173,13070.0,13070.0,13.07,1000.0,0.0068
155,176,39060.0,39060.0,39.06,1000.0,0.0131
155,177,46280.0,46280.0,46.28,1000.0,0.0072
155,178,33920.0,33920.0,33.92,1000.0,0.0156
155,202,18070.0,18070.0,18.07,1000.0,0.013
155,209,30100.0,30100.0,30.1,1000.0,0.0056
155,263,15940.0,15940.0,15.94,1000.0,0.0297
155,291,31190.0,31190.0,31.19,1000.0,0.0298
155,292,22670.0,22670.0,22.67,1000.0,0.0086
155,295,3200.0,3200.0,3.2,1000.0,0.0255
156,187,10780.0,10780.0,10.78,1000.0,0.0143
156,207,38130.0,38130.0,38.13,1000.0,0.0263
156,245,6510.0,6510.0,6.51,1000.0,0.0064
156,258,47500.0,47500.0,47.5,1000.0,0.0282
156,294,43570.0,43570.0,43.57,1000.0,0.0255
157,160,1670.0,1670.0,1.67,1000.0,0.0223
157,161,6450.0,6450.0,6.45,1000.0,0.0163
157,164,2110.0,2110.0,2.11,1000.0,0.0102
157,167,27360.0,27360.0,27.36,1000.0,0.0101
157,205,26640.0,26640.0,26.64,1000.0,0.0115
157,214,24670.0,24670.0,24.67,1000.0,0.0232
157,239,7930.0,7930.0,7.93,1000.0,0.0225
157,242,1900.0,1900.0,1.9,1000.0,0.0196
157,257,33510.0,33510.0,33.51,1000.0,0.0061
157,267,9350.0,9350.0,9.35,1000.0,0.0121
157,270,39670.0,39670.0,39.67,1000.0,0.0204
157,282,3600.0,3600.0,3.6,1000.0,0.0214
157,286,1410.0,1410.0,1.41,1000.0,0.0147
158,182,14290.0,14290.0,14.29,1000.0,0.0263
158,196,33340.0,33340.0,33.34,1000.0,0.0266
158,198,1930.0,1930.0,1.93,1000.0,0.0267
158,210,32820.0,32820.0,32.82,1000.0,0.0108
158,235,19650.0,19650.0,19.65,1000.0,0.0294
158,241,5880.0,5880.0,5.88,1000.0,0.0129
158,243,43470.0,43470.0,43.47,1000.0,0.0183
158,244,10130.0,10130.0,10.13,1000.0,0.0175
158,247,23440.0,23440.0,23.44,1000.0,0.0282
158,251,2050.0,2050.0,2.05,1000.0,0.0112
158,272,26940.0,26940.0,26.94,1000.0,0.0133
158,289,20280.0,20280.0,20.28,1000.0,0.0089
158,293,17990.0,17990.0,17.99,1000.0,0.0138
159,168,31640.0,31640.0,31.64,1000.0,0.0109
159,216,48930.0,48930.0,48.93,1000.0,0.0175
159,218,40780.0,40780.0,40.78,1000.0,0.0206
159,278,44060.0,44060.0,44.06,1000.0,0.0273
159,283,40930.0,40930.0,40.93,1000.0,0.0057
159,290,28190.0,28190.0,28.19,1000.0,0.012
159,296,8430.0,8430.0,8.43,1000.0,0.0274
159,299,33190.0,33190.0,33.19,1000.0,0.0072
160,161,19730.0,19730.0,19.73,1000.0,0.029
160,164,31010.0,31010.0,31.01,1000.0,0.0206
160,167,12140.0,12140.0,12.14,1000.0,0.011
160,242,8480.0,8480.0,8.48,1000.0,0.0293
160,270,45580.0,45580.0,45.58,1000.0,0.0132
160,286,27570.0,27570.0,27.57,1000.0,0.0102
161,164,7790.0,7790.0,7.79,1000.0,0.0185
161,167,40210.0,40210.0,40.21,1000.0,0.0266
161,205,16140.0,16140.0,16.14,1000.0,0.0226
161,214,26670.0,26670.0,26.67,1000.0,0.0084
161,239,49790.0,49790.0,49.79,1000.0,0.0294
161,242,8110.0,8110.0,8.11,1000.0,0.0283
161,257,45940.0,45940.0,45.94,1000.0,0.0129
161,270,28310.0,28310.0,28.31,1000.0,0.0287
161,282,6800.0,6800.0,6.8,1000.0,0.0129
161,286,44100.0,44100.0,44.1,1000.0,0.0232
162,252,38510.0,38510.0,38.51,1000.0,0.027
162,265,21290.0,21290.0,21.29,1000.0,0.0153
162,276,22710.0,22710.0,22.71,1000.0,0.0283
163,172,44810.0,44810.0,44.81,1000.0,0.0283
163,189,14420.0,14420.0,14.42,1000.0,0.0245
163,201,6230.0,6230.0,6.23,1000.0,0.0096
163,218,38360.0,38360.0,38.36,1000.0,0.0203
163,237,14080.0,14080.0,14.08,1000.0,0.0192
163,287,12310.0,12310.0,12.31,1000.0,0.0108
163,290,34680.0,34680.0,34.68,1000.0,0.014
163,297,34720.0,34720.0,34.72,1000.0,0.0169
164,167,25610.0,25610.0,25.61,1000.0,0.0201
164,205,35890.0,35890.0,35.89,1000.0,0.0143
164,214,42750.0,42750.0,42.75,1000.0,0.0173
164,239,7740.0,7740.0,7.74,1000.0,0.0098
164,242,2580.0,2580.0,2.58,1000.0,0.0241
164,257,1740.0,1740.0,1.74,1000.0,0.0117
164,267,21240.0,21240.0,21.24,1000.0,0.0236
164,270,49420.0,49420.0,49.42,1000.0,0.0239
164,282,4240.0,4240.0,4.24,1000.0,0.0282
164,286,49300.0,49300.0,49.3,1000.0,0.0267
165,170,25010.0,25010.0,25.01,1000.0,0.0131
165,180,23420.0,23420.0,23.42,1000.0,0.0112
165,190,20840.0,20840.0,20.84,1000.0,0.006
165,202,37030.0,37030.0,37.03,1000.0,0.0145
165,206,16330.0,16330.0,16.33,1000.0,0.0203
165,256,37380.0,37380.0,37.38,1000.0,0.0198
165,279,26740.0,26740.0,26.74,1000.0,0.0269
165,292,39560.0,39560.0,39.56,1000.0,0.018
165,295,23130.0,23130.0,23.13,1000.0,0.0257
165,298,3080.0,3080.0,3.08,1000.0,0.0299
166,170,26420.0,26420.0,26.42,1000.0,0.0149
166,202,37020.0,37020.0,37.02,1000.0,0.0189
166,209,26290.0,26290.0,26.29,1000.0,0.0208
166,234,3420.0,3420.0,3.42,1000.0,0.0123
166,269,20500.0,20500.0,20.5,1000.0,0.0126
166,274,41550.0,41550.0,41.55,1000.0,0.0165
166,291,21700.0,21700.0,21.7,1000.0,0.0203
166,295,3670.0,3670.0,3.67,1000.0,0.0179
167,205,7970.0,7970.0,7.97,1000.0,0.0257
167,225,23130.0,23130.0,23.13,1000.0,0.0231
167,239,6550.0,6550.0,6.55,1000.0,0.0245
167,242,46950.0,46950.0,46.95,1000.0,0.0224
167,257,7630.0,7630.0,7.63,1000.0,0.0153
167,270,23090.0,23090.0,23.09,1000.0,0.0095
167,282,29930.0,29930.0,29.93,1000.0,0.0228
168,172,10890.0,10890.0,10.89,1000.0,0.0164
168,183,13250.0,13250.0,13.25,1000.0,0.0223
168,189,45450.0,45450.0,45.45,1000.0,0.0249
168,211,36200.0,36200.0,36.2,1000.0,0.0081
168,216,6590.0,6590.0,6.59,1000.0,0.0162
168,218,18780.0,18780.0,18.78,1000.0,0.0181
168,233,19820.0,19820.0,19.82,1000.0,0.0248
168,241,26070.0,26070.0,26.07,1000.0,0.0287
168,276,19560.0,19560.0,19.56,1000.0,0.0145
168,287,38640.0,38640.0,38.64,1000.0,0.0278
168,290,28710.0,28710.0,28.71,1000.0,0.0215
168,296,8350.0,8350.0,8.35,1000.0,0.0267
168,297,9760.0,9760.0,9.76,1000.0,0.0228
169,192,21560.0,21560.0,21.56,1000.0,0.0127
169,200,38660.0,38660.0,38.66,1000.0,0.0162
169,212,31700.0,31700.0,31.7,1000.0,0.0079
169,226,7450.0,7450.0,7.45,1000.0,0.0101
169,236,31510.0,31510.0,31.51,1000.0,0.0113
169,266,23470.0,23470.0,23.47,1000.0,0.0264
169,280,27630.0,27630.0,27.63,1000.0,0.0051
169,281,44250.0,44250.0,44.25,1000.0,0.0109
170,180,29850.0,29850.0,29.85,1000.0,0.0169
170,190,21100.0,21100.0,21.1,1000.0,0.007
170,202,30410.0,30410.0,30.41,1000.0,0.0111
170,206,27820.0,27820.0,27.82,1000.0,0.0205
170,269,28320.0,28320.0,28.32,1000.0,0.0256
170,279,3400.0,3400.0,3.4,1000.0,0.0087
170,291,33010.0,33010.0,33.01,1000.0,0.0059
170,292,42840.0,42840.0,42.84,1000.0,0.0217
170,295,42060.0,42060.0,42.06,1000.0,0.0125
170,298,46100.0,46100.0,46.1,1000.0,0.0062
171,197,21430.0,21430.0,21.43,1000.0,0.0095
171,230,33930.0,33930.0,33.93,1000.0,0.0203
171,264,34880.0,34880.0,34.88,1000.0,0.0199
172,189,39580.0,39580.0,39.58,1000.0,0.0094
172,201,23310.0,23310.0,23.31,1000.0,0.0195
172,218,46640.0,46640.0,46.64,1000.0,0.0073
172,219,15670.0,15670.0,15.67,1000.0,0.0142
172,237,19570.0,19570.0,19.57,1000.0,0.0067
172,241,21940.0,21940.0,21.94,1000.0,0.0188
172,243,15350.0,15350.0,15.35,1000.0,0.0084
172,287,35040.0,35040.0,35.04,1000.0,0.0119
172,290,26830.0,26830.0,26.83,1000.0,0.0181
172,296,35100.0,35100.0,35.1,1000.0,0.0203
172,297,6360.0,6360.0,6.36,1000.0,0.0232
173,177,31820.0,31820.0,31.82,1000.0,0.0297
173,178,24700.0,24700.0,24.7,1000.0,0.0222
173,260,46760.0,46760.0,46.76,1000.0,0.0297
173,263,15070.0,15070.0,15.07,1000.0,0.0202
173,273,16510.0,16510.0,16.51,1000.0,0.0181
173,292,49760.0,49760.0,49.76,1000.0,0.0138
174,180,7360.0,7360.0,7.36,1000.0,0.0191
174,181,26470.0,26470.0,26.47,1000.0,0.0208
174,188,25130.0,25130.0,25.13,1000.0,0.0095
174,190,30860.0,30860.0,30.86,1000.0,0.0227
174,199,48980.0,48980.0,48.98,1000.0,0.005
174,204,2180.0,2180.0,2.18,1000.0,0.0206
174,223,6780.0,6780.0,6.78,1000.0,0.0262
174,229,40180.0,40180.0,40.18,1000.0,0.03
174,256,21290.0,21290.0,21.29,1000.0,0.0133
174,281,28460.0,28460.0,28.46,1000.0,0.0209
174,285,1550.0,1550.0,1.55,1000.0,0.01
174,288,14800.0,14800.0,14.8,1000.0,0.0248
174,298,16080.0,16080.0,16.08,1000.0,0.0177
175,194,16870.0,16870.0,16.87,1000.0,0.0052
175,195,34610.0,34610.0,34.61,1000.0,0.0135
175,222,36500.0,36500.0,36.5,1000.0,0.0204
175,273,2430.0,2430.0,2.43,1000.0,0.0094
175,277,17200.0,17200.0,17.2,1000.0,0.0134
176,177,33950.0,33950.0,33.95,1000.0,0.0279
176,209,40070.0,40070.0,40.07,1000.0,0.0211
176,263,24590.0,24590.0,24.59,1000.0,0.0207
176,291,44710.0,44710.0,44.71,1000.0,0.0184
176,292,17420.0,17420.0,17.42,1000.0,0.0246
176,295,21280.0,21280.0,21.28,1000.0,0.0236
177,178,41920.0,41920.0,41.92,1000.0,0.0125
177,263,36520.0,36520.0,36.52,1000.0,0.0129
177,292,27260.0,27260.0,27.26,1000.0,0.0102
177,295,34590.0,34590.0,34.59,1000.0,0.025
178,260,44510.0,44510.0,44.51,1000.0,0.0138
178,263,48510.0,48510.0,48.51,1000.0,0.012
178,273,2530.0,2530.0,2.53,1000.0,0.0296
178,292,31700.0,31700.0,31.7,1000.0,0.0261
178,295,28980.0,28980.0,28.98,1000.0,0.0147
179,193,30160.0,30160.0,30.16,1000.0,0.0266
179,203,37830.0,37830.0,37.83,1000.0,0.0226
179,208,16410.0,16410.0,16.41,1000.0,0.0058
179,215,21280.0,21280.0,21.28,1000.0,0.0174
179,253,12640.0,12640.0,12.64,1000.0,0.0163
179,254,47590.0,47590.0,47.59,1000.0,0.0104
179,255,15810.0,15810.0,15.81,1000.0,0.0078
179,259,39460.0,39460.0,39.46,1000.0,0.0244
180,188,45750.0,45750.0,45.75,1000.0,0.0161
180,190,2220.0,2220.0,2.22,1000.0,0.0171
180,204,25500.0,25500.0,25.5,1000.0,0.0098
180,206,46260.0,46260.0,46.26,1000.0,0.0233
180,229,26660.0,26660.0,26.66,1000.0,0.0244
180,256,8020.0,8020.0,8.02,1000.0,0.0268
180,279,41280.0,41280.0,41.28,1000.0,0.0285
180,285,34160.0,34160.0,34.16,1000.0,0.0083
180,298,36500.0,36500.0,36.5,1000.0,0.0165
181,199,35970.0,35970.0,35.97,1000.0,0.0181
181,223,1200.0,1200.0,1.2,1000.0,0.0283
181,244,34670.0,34670.0,34.67,1000.0,0.0199
181,275,5270.0,5270.0,5.27,1000.0,0.0167
181,285,3260.0,3260.0,3.26,1000.0,0.018
181,288,33290.0,33290.0,33.29,1000.0,0.0128
182,196,29300.0,29300.0,29.3,1000.0,0.0128
182,198,44710.0,44710.0,44.71,1000.0,0.013
182,210,10430.0,10430.0,10.43,1000.0,0.0119
182,235,16640.0,16640.0,16.64,1000.0,0.016
182,247,6760.0,6760.0,6.76,1000.0,0.0087
182,251,14410.0,14410.0,14.41,1000.0,0.0054
182,272,31520.0,31520.0,31.52,1000.0,0.0179
182,293,11120.0,11120.0,11.12,1000.0,0.0138
183,211,16610.0,16610.0,16.61,1000.0,0.0085
183,218,35510.0,35510.0,35.51,1000.0,0.0121
183,227,13000.0,13000.0,13.0,1000.0,0.0068
183,233,31050.0,31050.0,31.05,1000.0,0.0135
183,241,22740.0,22740.0,22.74,1000.0,0.0083
183,247,24070.0,24070.0,24.07,1000.0,0.0219
183,265,6190.0,6190.0,6.19,1000.0,0.0063
183,268,21900.0,21900.0,21.9,1000.0,0.0095
183,272,30210.0,30210.0,30.21,1000.0,0.0198
183,287,41970.0,41970.0,41.97,1000.0,0.0225
183,290,31200.0,31200.0,31.2,1000.0,0.0128
183,296,41050.0,41050.0,41.05,1000.0,0.0228
184,278,33870.0,33870.0,33.87,1000.0,0.0183
184,283,48710.0,48710.0,48.71,1000.0,0.0239
184,299,23820.0,23820.0,23.82,1000.0,0.0083
185,219,40830.0,40830.0,40.83,1000.0,0.028
185,238,23950.0,23950.0,23.95,1000.0,0.0164
185,243,34540.0,34540.0,34.54,1000.0,0.0228
185,244,23800.0,23800.0,23.8,1000.0,0.0108
185,261,11970.0,11970.0,11.97,1000.0,0.0265
185,262,31230.0,31230.0,31.23,1000.0,0.0278
185,284,20210.0,20210.0,20.21,1000.0,0.0225
185,289,33590.0,33590.0,33.59,1000.0,0.0247
185,293,44240.0,44240.0,44.24,1000.0,0.0163
186,205,2480.0,2480.0,2.48,1000.0,0.0169
186,214,18220.0,18220.0,18.22,1000.0,0.0165
186,239,9370.0,9370.0,9.37,1000.0,0.0242
186,261,30620.0,30620.0,30.62,1000.0,0.0082
186,262,6040.0,6040.0,6.04,1000.0,0.0254
186,267,40040.0,40040.0,40.04,1000.0,0.0131
186,275,32820.0,32820.0,32.82,1000.0,0.0248
186,277,27100.0,27100.0,27.1,1000.0,0.015
187,236,21260.0,21260.0,21.26,1000.0,0.0205
187,240,27850.0,27850.0,27.85,1000.0,0.0293
187,246,19810.0,19810.0,19.81,1000.0,0.0135
187,248,40880.0,40880.0,40.88,1000.0,0.0198
187,249,39430.0,39430.0,39.43,1000.0,0.0159
187,258,39580.0,39580.0,39.58,1000.0,0.0186
187,294,12570.0,12570.0,12.57,1000.0,0.0216
188,190,4820.0,4820.0,4.82,1000.0,0.0283
188,199,29140.0,29140.0,29.14,1000.0,0.0172
188,204,30020.0,30020.0,30.02,1000.0,0.0166
188,206,28200.0,28200.0,28.2,1000.0,0.0256
188,229,9630.0,9630.0,9.63,1000.0,0.0289
188,256,4410.0,4410.0,4.41,1000.0,0.0077
188,279,40890.0,40890.0,40.89,1000.0,0.0243
188,285,19570.0,19570.0,19.57,1000.0,0.0174
188,298,33350.0,33350.0,33.35,1000.0,0.0073
189,218,41030.0,41030.0,41.03,1000.0,0.0272
189,219,45260.0,45260.0,45.26,1000.0,0.0209
189,237,1010.0,1010.0,1.01,1000.0,0.0087
189,241,8310.0,8310.0,8.31,1000.0,0.0183
189,243,20110.0,20110.0,20.11,1000.0,0.0194
189,287,10590.0,10590.0,10.59,1000.0,0.022
189,290,16510.0,16510.0,16.51,1000.0,0.0193
189,296,45750.0,45750.0,45.75,1000.0,0.0126
189,297,47220.0,47220.0,47.22,1000.0,0.0159
190,204,49150.0,49150.0,49.15,1000.0,0.0136
190,206,5380.0,5380.0,5.38,1000.0,0.0052
190,229,49330.0,49330.0,49.33,1000.0,0.0151
190,256,7250.0,7250.0,7.25,1000.0,0.0124
190,279,19090.0,19090.0,19.09,1000.0,0.0187
190,285,3600.0,3600.0,3.6,1000.0,0.0226
190,298,41220.0,41220.0,41.22,1000.0,0.014
191,192,43200.0,43200.0,43.2,1000.0,0.0266
191,196,12530.0,12530.0,12.53,1000.0,0.0226
191,208,20320.0,20320.0,20.32,1000.0,0.013
191,231,19760.0,19760.0,19.76,1000.0,0.0145
191,255,27710.0,27710.0,27.71,1000.0,0.0216
191,280,24270.0,24270.0,24.27,1000.0,0.0097
192,200,19850.0,19850.0,19.85,1000.0,0.0281
192,212,42160.0,42160.0,42.16,1000.0,0.0089
192,226,49880.0,49880.0,49.88,1000.0,0.0218
192,231,7580.0,7580.0,7.58,1000.0,0.0068
192,236,1770.0,1770.0,1.77,1000.0,0.023
192,248,24850.0,24850.0,24.85,1000.0,0.0159
192,280,49520.0,49520.0,49.52,1000.0,0.0071
192,281,32470.0,32470.0,32.47,1000.0,0.0154
193,203,23350.0,23350.0,23.35,1000.0,0.0247
193,208,30620.0,30620.0,30.62,1000.0,0.0156
193,215,9810.0,9810.0,9.81,1000.0,0.0177
193,230,28050.0,28050.0,28.05,1000.0,0.0163
193,253,18410.0,18410.0,18.41,1000.0,0.0096
193,254,30620.0,30620.0,30.62,1000.0,0.0194
193,255,42490.0,42490.0,42.49,1000.0,0.0109
194,195,25580.0,25580.0,25.58,1000.0,0.0153
194,205,27760.0,27760.0,27.76,1000.0,0.0142
194,222,48930.0,48930.0,48.93,1000.0,0.0192
194,225,35540.0,35540.0,35.54,1000.0,0.0078
194,239,24600.0,24600.0,24.6,1000.0,0.0223
194,277,7960.0,7960.0,7.96,1000.0,0.0233
195,222,49200.0,49200.0,49.2,1000.0,0.0296
195,224,39160.0,39160.0,39.16,1000.0,0.0166
195,225,4830.0,4830.0,4.83,1000.0,0.0272
195,277,5330.0,5330.0,5.33,1000.0,0.0168
196,198,37340.0,37340.0,37.34,1000.0,0.029
196,208,4830.0,4830.0,4.83,1000.0,0.0208
196,210,40110.0,40110.0,40.11,1000.0,0.0128
196,227,3590.0,3590.0,3.59,1000.0,0.0136
196,235,39150.0,39150.0,39.15,1000.0,0.0167
196,247,26120.0,26120.0,26.12,1000.0,0.0167
196,251,36960.0,36960.0,36.96,1000.0,0.0155
196,268,48070.0,48070.0,48.07,1000.0,0.025
196,272,15170.0,15170.0,15.17,1000.0,0.0059
197,230,46220.0,46220.0,46.22,1000.0,0.0237
197,254,36620.0,36620.0,36.62,1000.0,0.0191
197,264,4010.0,4010.0,4.01,1000.0,0.0168
198,210,9280.0,9280.0,9.28,1000.0,0.0063
198,235,49530.0,49530.0,49.53,1000.0,0.0252
198,244,31590.0,31590.0,31.59,1000.0,0.0122
198,247,5040.0,5040.0,5.04,1000.0,0.0176
198,251,42720.0,42720.0,42.72,1000.0,0.0119
198,288,7490.0,7490.0,7.49,1000.0,0.012
198,293,43040.0,43040.0,43.04,1000.0,0.0054
199,204,6470.0,6470.0,6.47,1000.0,0.0094
199,223,30000.0,30000.0,30.0,1000.0,0.0088
199,228,22890.0,22890.0,22.89,1000.0,0.0252
199,256,13800.0,13800.0,13.8,1000.0,0.0225
199,285,24760.0,24760.0,24.76,1000.0,0.025
199,288,43240.0,43240.0,43.24,1000.0,0.0136
200,212,5140.0,5140.0,5.14,1000.0,0.0086
200,226,46760.0,46760.0,46.76,1000.0,0.0089
200,232,25300.0,25300.0,25.3,1000.0,0.0298
200,236,38750.0,38750.0,38.75,1000.0,0.0109
200,248,22570.0,22570.0,22.57,1000.0,0.0209
200,249,11330.0,11330.0,11.33,1000.0,0.0234
200,266,17910.0,17910.0,17.91,1000.0,0.0211
200,281,38020.0,38020.0,38.02,1000.0,0.0079
201,219,9210.0,9210.0,9.21,1000.0,0.015
201,221,15770.0,15770.0,15.77,1000.0,0.0237
201,237,37870.0,37870.0,37.87,1000.0,0.0183
201,297,19610.0,19610.0,19.61,1000.0,0.0226
202,206,24250.0,24250.0,24.25,1000.0,0.0086
202,209,43640.0,43640.0,43.64,1000.0,0.0053
202,234,46430.0,46430.0,46.43,1000.0,0.0162
202,269,34250.0,34250.0,34.25,1000.0,0.029
202,274,34460.0,34460.0,34.46,1000.0,0.006
202,291,45970.0,45970.0,45.97,1000.0,0.0209
202,292,47850.0,47850.0,47.85,1000.0,0.0158
202,295,45980.0,45980.0,45.98,1000.0,0.0265
202,298,17410.0,17410.0,17.41,1000.0,0.0117
203,215,5820.0,5820.0,5.82,1000.0,0.0214
203,252,20170.0,20170.0,20.17,1000.0,0.0243
203,253,37710.0,37710.0,37.71,1000.0,0.0234
203,254,29850.0,29850.0,29.85,1000.0,0.0099
203,259,17530.0,17530.0,17.53,1000.0,0.0223
203,268,9820.0,9820.0,9.82,1000.0,0.0187
204,206,33970.0,33970.0,33.97,1000.0,0.0258
204,229,1590.0,1590.0,1.59,1000.0,0.0074
204,256,6090.0,6090.0,6.09,1000.0,0.0161
204,266,11750.0,11750.0,11.75,1000.0,0.0121
204,281,10460.0,10460.0,10.46,1000.0,0.0056
204,285,5510.0,5510.0,5.51,1000.0,0.0285
204,298,33170.0,33170.0,33.17,1000.0,0.0259
205,214,47570.0,47570.0,47.57,1000.0,0.021
205,225,35700.0,35700.0,35.7,1000.0,0.008
205,239,42970.0,42970.0,42.97,1000.0,0.0082
205,257,33160.0,33160.0,33.16,1000.0,0.0275
205,267,28740.0,28740.0,28.74,1000.0,0.0292
205,282,44900.0,44900.0,44.9,1000.0,0.0224
206,229,13410.0,13410.0,13.41,1000.0,0.0167
206,266,46870.0,46870.0,46.87,1000.0,0.021
206,269,46210.0,46210.0,46.21,1000.0,0.0119
206,298,21920.0,21920.0,21.92,1000.0,0.0276
207,258,38720.0,38720.0,38.72,1000.0,0.0131
207,271,8940.0,8940.0,8.94,1000.0,0.0068
208,215,39080.0,39080.0,39.08,1000.0,0.0146
208,253,17300.0,17300.0,17.3,1000.0,0.0065
209,234,47820.0,47820.0,47.82,1000.0,0.0116
209,269,22590.0,22590.0,22.59,1000.0,0.0173
209,274,46500.0,46500.0,46.5,1000.0,0.0203
209,291,9740.0,9740.0,9.74,1000.0,0.0173
209,295,8050.0,8050.0,8.05,1000.0,0.0242
210,235,11700.0,11700.0,11.7,1000.0,0.0211
210,241,45720.0,45720.0,45.72,1000.0,0.0229
210,243,6060.0,6060.0,6.06,1000.0,0.0068
210,244,29000.0,29000.0,29.0,1000.0,0.0113
210,247,22850.0,22850.0,22.85,1000.0,0.0274
210,251,8290.0,8290.0,8.29,1000.0,0.021
210,272,46710.0,46710.0,46.71,1000.0,0.0216
210,289,14060.0,14060.0,14.06,1000.0,0.0225
210,293,45330.0,45330.0,45.33,1000.0,0.0194
211,227,26250.0,26250.0,26.25,1000.0,0.0285
211,233,25040.0,25040.0,25.04,1000.0,0.0159
211,247,42360.0,42360.0,42.36,1000.0,0.0245
211,265,39480.0,39480.0,39.48,1000.0,0.0185
211,268,1160.0,1160.0,1.16,1000.0,0.0289
211,272,41080.0,41080.0,41.08,1000.0,0.0171
211,276,28790.0,28790.0,28.79,1000.0,0.0284
211,287,18590.0,18590.0,18.59,1000.0,0.022
211,296,20630.0,20630.0,20.63,1000.0,0.0208
212,226,47980.0,47980.0,47.98,1000.0,0.0073
212,229,27200.0,27200.0,27.2,1000.0,0.029
212,232,4940.0,4940.0,4.94,1000.0,0.0165
212,236,38560.0,38560.0,38.56,1000.0,0.0212
212,248,9650.0,9650.0,9.65,1000.0,0.006
212,249,19820.0,19820.0,19.82,1000.0,0.0098
212,266,35100.0,35100.0,35.1,1000.0,0.0274
212,280,31900.0,31900.0,31.9,1000.0,0.014
212,281,5160.0,5160.0,5.16,1000.0,0.0208
213,217,37030.0,37030.0,37.03,1000.0,0.0085
213,234,10460.0,10460.0,10.46,1000.0,0.023
213,250,30050.0,30050.0,30.05,1000.0,0.0172
213,269,4090.0,4090.0,4.09,1000.0,0.0185
213,274,16080.0,16080.0,16.08,1000.0,0.0183
214,225,41880.0,41880.0,41.88,1000.0,0.0162
214,239,49800.0,49800.0,49.8,1000.0,0.0059
214,257,3750.0,3750.0,3.75,1000.0,0.0247
214,261,3100.0,3100.0,3.1,1000.0,0.008
214,262,40550.0,40550.0,40.55,1000.0,0.0217
214,267,23460.0,23460.0,23.46,1000.0,0.022
214,282,43840.0,43840.0,43.84,1000.0,0.0087
214,284,29390.0,29390.0,29.39,1000.0,0.0281
215,230,2810.0,2810.0,2.81,1000.0,0.0085
215,253,33040.0,33040.0,33.04,1000.0,0.0168
215,254,45980.0,45980.0,45.98,1000.0,0.0061
215,255,35360.0,35360.0,35.36,1000.0,0.0083
215,259,9440.0,9440.0,9.44,1000.0,0.0062
216,218,16060.0,16060.0,16.06,1000.0,0.0248
216,278,23350.0,23350.0,23.35,1000.0,0.0093
216,283,29960.0,29960.0,29.96,1000.0,0.0254
216,290,6210.0,6210.0,6.21,1000.0,0.0174
217,232,40160.0,40160.0,40.16,1000.0,0.0105
217,240,40420.0,40420.0,40.42,1000.0,0.0157
217,246,40760.0,40760.0,40.76,1000.0,0.0296
217,249,34240.0,34240.0,34.24,1000.0,0.0131
217,250,48820.0,48820.0,48.82,1000.0,0.0194
217,294,7730.0,7730.0,7.73,1000.0,0.0259
218,241,39860.0,39860.0,39.86,1000.0,0.0241
218,287,30060.0,30060.0,30.06,1000.0,0.0134
218,290,6920.0,6920.0,6.92,1000.0,0.0085
218,296,21340.0,21340.0,21.34,1000.0,0.0224
218,297,28120.0,28120.0,28.12,1000.0,0.016
219,237,46360.0,46360.0,46.36,1000.0,0.006
219,241,5900.0,5900.0,5.9,1000.0,0.0262
219,243,31010.0,31010.0,31.01,1000.0,0.0244
219,289,1770.0,1770.0,1.77,1000.0,0.0172
219,297,1310.0,1310.0,1.31,1000.0,0.0095
220,221,5370.0,5370.0,5.37,1000.0,0.0213
220,286,44460.0,44460.0,44.46,1000.0,0.0154
221,284,40560.0,40560.0,40.56,1000.0,0.0243
221,286,34930.0,34930.0,34.93,1000.0,0.0102
222,224,32350.0,32350.0,32.35,1000.0,0.0181
222,225,21190.0,21190.0,21.19,1000.0,0.0285
222,277,30920.0,30920.0,30.92,1000.0,0.0059
223,224,9820.0,9820.0,9.82,1000.0,0.0175
223,228,47560.0,47560.0,47.56,1000.0,0.0207
223,256,39350.0,39350.0,39.35,1000.0,0.0137
223,275,1220.0,1220.0,1.22,1000.0,0.0109
223,285,6760.0,6760.0,6.76,1000.0,0.0183
224,228,5690.0,5690.0,5.69,1000.0,0.014
224,277,38300.0,38300.0,38.3,1000.0,0.0185
225,239,11740.0,11740.0,11.74,1000.0,0.0243
225,282,33310.0,33310.0,33.31,1000.0,0.0119
226,232,10490.0,10490.0,10.49,1000.0,0.0249
226,236,34580.0,34580.0,34.58,1000.0,0.0292
226,248,24250.0,24250.0,24.25,1000.0,0.0094
226,249,33840.0,33840.0,33.84,1000.0,0.0061
226,266,32600.0,32600.0,32.6,1000.0,0.0121
226,280,22300.0,22300.0,22.3,1000.0,0.0134
226,281,40450.0,40450.0,40.45,1000.0,0.024
227,233,3120.0,3120.0,3.12,1000.0,0.0235
227,247,46320.0,46320.0,46.32,1000.0,0.0094
227,265,39490.0,39490.0,39.49,1000.0,0.0171
227,268,6690.0,6690.0,6.69,1000.0,0.0274
227,272,36350.0,36350.0,36.35,1000.0,0.0198
228,256,16970.0,16970.0,16.97,1000.0,0.01
228,275,34170.0,34170.0,34.17,1000.0,0.0131
228,277,39170.0,39170.0,39.17,1000.0,0.0132
228,285,5810.0,5810.0,5.81,1000.0,0.0234
229,266,43620.0,43620.0,43.62,1000.0,0.0144
229,281,11810.0,11810.0,11.81,1000.0,0.0168
229,298,24740.0,24740.0,24.74,1000.0,0.0273
230,254,8100.0,8100.0,8.1,1000.0,0.0282
230,255,23290.0,23290.0,23.29,1000.0,0.0147
230,264,7680.0,7680.0,7.68,1000.0,0.023
231,245,31970.0,31970.0,31.97,1000.0,0.0294
231,255,10910.0,10910.0,10.91,1000.0,0.0082
232,236,34920.0,34920.0,34.92,1000.0,0.0065
232,248,7690.0,7690.0,7.69,1000.0,0.0263
232,249,23470.0,23470.0,23.47,1000.0,0.0093
232,250,17840.0,17840.0,17.84,1000.0,0.0272
232,266,30580.0,30580.0,30.58,1000.0,0.0247
233,241,32260.0,32260.0,32.26,1000.0,0.0203
233,247,9330.0,9330.0,9.33,1000.0,0.0293
233,265,42900.0,42900.0,42.9,1000.0,0.0072
233,268,42990.0,42990.0,42.99,1000.0,0.0172
233,272,49790.0,49790.0,49.79,1000.0,0.0198
233,287,42010.0,42010.0,42.01,1000.0,0.012
233,296,36770.0,36770.0,36.77,1000.0,0.0234
234,250,13090.0,13090.0,13.09,1000.0,0.0132
234,269,29390.0,29390.0,29.39,1000.0,0.0273
234,274,30000.0,30000.0,30.0,1000.0,0.0087
234,291,29110.0,29110.0,29.11,1000.0,0.0051
235,251,49030.0,49030.0,49.03,1000.0,0.006
235,288,24060.0,24060.0,24.06,1000.0,0.0242
235,293,2650.0,2650.0,2.65,1000.0,0.0183
236,248,24480.0,24480.0,24.48,1000.0,0.025
236,249,41240.0,41240.0,41.24,1000.0,0.0163
236,266,12790.0,12790.0,12.79,1000.0,0.019
237,297,1610.0,1610.0,1.61,1000.0,0.0233
238,244,47550.0,47550.0,47.55,1000.0,0.0083
238,261,15490.0,15490.0,15.49,1000.0,0.0212
238,262,5450.0,5450.0,5.45,1000.0,0.017
238,267,15940.0,15940.0,15.94,1000.0,0.0226
238,275,43040.0,43040.0,43.04,1000.0,0.0237
238,284,2200.0,2200.0,2.2,1000.0,0.0164
238,293,38820.0,38820.0,38.82,1000.0,0.0269
239,257,20860.0,20860.0,20.86,1000.0,0.0247
239,282,19150.0,19150.0,19.15,1000.0,0.0166
240,246,32040.0,32040.0,32.04,1000.0,0.0265
240,249,4460.0,4460.0,4.46,1000.0,0.0273
240,258,17310.0,17310.0,17.31,1000.0,0.0058
240,294,21870.0,21870.0,21.87,1000.0,0.0117
241,243,47360.0,47360.0,47.36,1000.0,0.0186
241,247,39930.0,39930.0,39.93,1000.0,0.0247
241,272,4970.0,4970.0,4.97,1000.0,0.027
241,287,37050.0,37050.0,37.05,1000.0,0.0064
241,289,47320.0,47320.0,47.32,1000.0,0.0219
241,290,44510.0,44510.0,44.51,1000.0,0.0078
241,296,18910.0,18910.0,18.91,1000.0,0.0205
241,297,18910.0,18910.0,18.91,1000.0,0.0094
242,270,28380.0,28380.0,28.38,1000.0,0.0067
242,282,35760.0,35760.0,35.76,1000.0,0.0101
242,286,49080.0,49080.0,49.08,1000.0,0.011
243,247,6560.0,6560.0,6.56,1000.0,0.017
243,272,47020.0,47020.0,47.02,1000.0,0.0195
243,289,48000.0,48000.0,48.0,1000.0,0.0102
243,293,37510.0,37510.0,37.51,1000.0,0.0106
244,275,18280.0,18280.0,18.28,1000.0,0.0117
244,288,34330.0,34330.0,34.33,1000.0,0.0119
244,293,4110.0,4110.0,4.11,1000.0,0.0136
245,255,24830.0,24830.0,24.83,1000.0,0.0182
245,258,7010.0,7010.0,7.01,1000.0,0.0227
246,248,34240.0,34240.0,34.24,1000.0,0.0183
246,249,15320.0,15320.0,15.32,1000.0,0.0205
246,294,40200.0,40200.0,40.2,1000.0,0.0286
247,251,40630.0,40630.0,40.63,1000.0,0.0285
247,272,4220.0,4220.0,4.22,1000.0,0.0273
247,287,23440.0,23440.0,23.44,1000.0,0.007
247,289,45000.0,45000.0,45.0,1000.0,0.0122
247,293,47870.0,47870.0,47.87,1000.0,0.0077
248,249,14520.0,14520.0,14.52,1000.0,0.0224
248,294,25320.0,25320.0,25.32,1000.0,0.0269
249,266,26510.0,26510.0,26.51,1000.0,0.0207
249,294,15370.0,15370.0,15.37,1000.0,0.0292
250,274,27530.0,27530.0,27.53,1000.0,0.0083
251,272,17990.0,17990.0,17.99,1000.0,0.0161
251,293,32590.0,32590.0,32.59,1000.0,0.0123
252,259,4080.0,4080.0,4.08,1000.0,0.0268
252,265,12380.0,12380.0,12.38,1000.0,0.0287
252,268,32590.0,32590.0,32.59,1000.0,0.0153
252,276,17800.0,17800.0,17.8,1000.0,0.0212
253,254,16990.0,16990.0,16.99,1000.0,0.0198
253,259,35150.0,35150.0,35.15,1000.0,0.026
253,268,22820.0,22820.0,22.82,1000.0,0.0126
256,279,7470.0,7470.0,7.47,1000.0,0.0247
256,285,9420.0,9420.0,9.42,1000.0,0.0115
256,298,24730.0,24730.0,24.73,1000.0,0.0293
257,261,38720.0,38720.0,38.72,1000.0,0.0062
257,262,18300.0,18300.0,18.3,1000.0,0.0164
257,267,9150.0,9150.0,9.15,1000.0,0.0281
257,270,35880.0,35880.0,35.88,1000.0,0.0121
257,282,48690.0,48690.0,48.69,1000.0,0.026
257,284,34950.0,34950.0,34.95,1000.0,0.0217
257,286,8520.0,8520.0,8.52,1000.0,0.0109
258,294,3020.0,3020.0,3.02,1000.0,0.0129
260,273,7200.0,7200.0,7.2,1000.0,0.0115
261,262,10040.0,10040.0,10.04,1000.0,0.0191
261,267,2700.0,2700.0,2.7,1000.0,0.0129
261,284,17850.0,17850.0,17.85,1000.0,0.0143
262,267,27450.0,27450.0,27.45,1000.0,0.0091
262,275,15780.0,15780.0,15.78,1000.0,0.028
262,284,20820.0,20820.0,20.82,1000.0,0.0175
263,292,8120.0,8120.0,8.12,1000.0,0.0165
263,295,16690.0,16690.0,16.69,1000.0,0.0051
265,268,37190.0,37190.0,37.19,1000.0,0.0294
265,276,17230.0,17230.0,17.23,1000.0,0.0226
266,281,24220.0,24220.0,24.22,1000.0,0.0122
266,298,47260.0,47260.0,47.26,1000.0,0.0295
267,275,29110.0,29110.0,29.11,1000.0,0.0087
267,284,28700.0,28700.0,28.7,1000.0,0.0277
269,274,22660.0,22660.0,22.66,1000.0,0.0222
269,291,36850.0,36850.0,36.85,1000.0,0.0275
269,295,7830.0,7830.0,7.83,1000.0,0.0188
270,282,16100.0,16100.0,16.1,1000.0,0.015
270,286,42200.0,42200.0,42.2,1000.0,0.0161
272,287,5530.0,5530.0,5.53,1000.0,0.0064
272,289,32420.0,32420.0,32.42,1000.0,0.0196
274,291,11890.0,11890.0,11.89,1000.0,0.0284
276,296,14620.0,14620.0,14.62,1000.0,0.0056
278,283,27380.0,27380.0,27.38,1000.0,0.0161
278,299,33910.0,33910.0,33.91,1000.0,0.0072
279,285,26080.0,26080.0,26.08,1000.0,0.0099
279,292,16570.0,16570.0,16.57,1000.0,0.0201
279,298,47230.0,47230.0,47.23,1000.0,0.0277
280,281,18690.0,18690.0,18.69,1000.0,0.0087
281,288,42840.0,42840.0,42.84,1000.0,0.0142
283,299,19270.0,19270.0,19.27,1000.0,0.0121
287,290,18220.0,18220.0,18.22,1000.0,0.0294
287,296,43840.0,43840.0,43.84,1000.0,0.0072
287,297,36660.0,36660.0,36.66,1000.0,0.0161
288,293,49640.0,49640.0,49.64,1000.0,0.0251
289,293,15140.0,15140.0,15.14,1000.0,0.0251
290,296,48550.0,48550.0,48.55,1000.0,0.0156
290,297,44930.0,44930.0,44.93,1000.0,0.0085
291,295,29770.0,29770.0,29.77,1000.0,0.0072
292,295,11180.0,11180.0,11.18,1000.0,0.0169
